id_registro,fecha_movimiento,personal_rol,personal_especialidad,area_nombre,cama_serie,cama_tipo,cama_tiene_sabana,cama_esta_ocupada
REG-100000,2026-05-01 08:00:00,medico,anestesiologo,atencion prioritaria,CAM-533,camilla,True,True
REG-100001,2026-05-01 08:00:35,medico,pediatra,finanzas,CAM-649,cuna pediatrica,True,False
REG-100002,2026-05-01 08:01:10,administrativo,facturacion,uci pediatria,CAM-535,hospitalaria estandar,False,False
REG-100003,2026-05-01 08:01:45,medico,cirujano general,area administrativa,CAM-331,camilla de transporte,True,False
REG-100004,2026-05-01 08:02:20,administrativo,facturacion,atencion prioritaria,CAM-741,cama uci electrica,True,False
REG-100005,2026-05-01 08:02:55,finanzas,contabilidad,area administrativa,CAM-211,camilla de transporte,False,True
REG-100006,2026-05-01 08:03:30,medico,pediatra,finanzas,CAM-374,cuna pediatrica,True,True
REG-100007,2026-05-01 08:04:05,medico,urgenciologo,uci adultos,CAM-175,cama uci electrica,False,True
REG-100008,2026-05-01 08:04:40,finanzas,contabilidad,area administrativa,CAM-355,cuna pediatrica,False,False
REG-100009,2026-05-01 08:05:15,administrativo,facturacion,urgencias,CAM-860,camilla de transporte,False,False
REG-100010,2026-05-01 08:05:50,administrativo,talento humano,uci adultos,CAM-262,camilla,False,False
REG-100011,2026-05-01 08:06:25,administrativo,facturacion,atencion prioritaria,CAM-555,camilla de transporte,True,False
REG-100012,2026-05-01 08:07:00,finanzas,costos e insumos,piso 3 - hospitalizacion,no especificado,cuna pediatrica,False,True
REG-100013,2026-05-01 08:07:35,medico,no especificado,atencion prioritaria,CAM-844,camilla,False,True
REG-100014,2026-05-01 08:08:10,medico,cirujano general,sala de operaciones,CAM-560,cama uci electrica,True,True
REG-100015,2026-05-01 08:08:45,medico,urgenciologo,atencion prioritaria,CAM-365,camilla de transporte,False,False
REG-100016,2026-05-01 08:09:20,administrativo,talento humano,urgencias,CAM-416,no especificado,False,False
REG-100018,2026-05-01 08:10:30,administrativo,facturacion,piso 3 - hospitalizacion,CAM-497,camilla de transporte,True,True
REG-100019,2026-05-01 08:11:05,finanzas,contabilidad,area administrativa,CAM-246,hospitalaria estandar,True,False
REG-100020,2026-05-01 08:11:40,medico,cirujano,area administrativa,CAM-756,cama uci electrica,False,False
REG-100021,2026-05-01 08:12:15,administrativo,admitido,sala de operaciones,CAM-916,camilla,False,False
REG-100023,2026-05-01 08:13:25,medico,cirujano,urgencias,CAM-932,hospitalaria estandar,False,True
REG-100024,2026-05-01 08:14:00,medico,no especificado,piso 3 - hospitalizacion,CAM-744,camilla,False,False
REG-100025,2026-05-01 08:14:35,administrativo,auditoria medica,uci adultos,CAM-990,hospitalaria estandar,False,False
REG-100026,2026-05-01 08:15:10,medico,anestesiologo,urgencias,CAM-950,camilla de transporte,False,False
REG-100027,2026-05-01 08:15:45,medico,pediatra,pasillo urgencias,CAM-796,camilla de transporte,True,False
REG-100028,2026-05-01 08:16:20,medico,cirujano,pasillo urgencias,CAM-759,camilla,False,False
REG-100029,2026-05-01 08:16:55,administrativo,facturacion,atencion prioritaria,CAM-809,cuna pediatrica,False,False
REG-100030,2026-05-01 08:17:30,medico,urgenciologo,urgencias,CAM-524,camilla de transporte,False,False
REG-100031,2026-05-01 08:18:05,finanzas,costos e insumos,area administrativa,CAM-637,cama uci electrica,True,True
REG-100032,2026-05-01 08:18:40,administrativo,auditoria medica,uci pediatria,CAM-939,camilla de transporte,False,False
REG-100033,2026-05-01 08:19:15,finanzas,tesoreria,pasillo urgencias,CAM-256,no especificado,False,False
REG-100036,2026-05-01 08:21:00,medico,urgenciologo,sala de operaciones,CAM-999,cuna pediatrica,False,False
REG-100037,2026-05-01 08:21:35,finanzas,facturacion,sala de operaciones,CAM-586,camilla,False,True
REG-100038,2026-05-01 08:22:10,medico,anestesiologo,urgencias,CAM-846,cuna pediatrica,False,False
REG-100039,2026-05-01 08:22:45,administrativo,auditoria medica,piso 3 - hospitalizacion,CAM-271,camilla,True,False
REG-100040,2026-05-01 08:23:20,finanzas,contabilidad,urgencias,CAM-315,camilla,False,False
REG-100041,2026-05-01 08:23:55,administrativo,facturacion,pasillo urgencias,CAM-332,hospitalaria estandar,False,False
REG-100042,2026-05-01 08:24:30,medico,anestesiologo,atencion prioritaria,CAM-408,camilla,False,False
REG-100044,2026-05-01 08:25:40,administrativo,facturacion,piso 3 - hospitalizacion,CAM-290,camilla de transporte,False,False
REG-100045,2026-05-01 08:26:15,administrativo,facturacion,piso 3 - hospitalizacion,CAM-478,hospitalaria estandar,True,False
REG-100046,2026-05-01 08:26:50,administrativo,facturacion,uci adultos,CAM-674,camilla de transporte,False,False
REG-100047,2026-05-01 08:27:25,finanzas,tesoreria,sala de operaciones,CAM-890,cuna pediatrica,True,False
REG-100048,2026-05-01 08:28:00,medico,anestesiologo,pasillo urgencias,CAM-902,hospitalaria estandar,False,False
REG-100049,2026-05-01 08:28:35,medico,anestesiologo,sala de operaciones,CAM-682,cuna pediatrica,False,False
REG-100050,2026-05-01 08:29:10,finanzas,tesoreria,pasillo urgencias,CAM-311,hospitalaria estandar,True,False
REG-100051,2026-05-01 08:29:45,finanzas,contabilidad,atencion prioritaria,CAM-982,camilla de transporte,True,False
REG-100052,2026-05-01 08:30:20,administrativo,facturacion,uci pediatria,CAM-299,hospitalaria estandar,False,False
REG-100054,2026-05-01 08:31:30,finanzas,contabilidad,area administrativa,CAM-127,camilla de transporte,False,False
REG-100055,2026-05-01 08:32:05,finanzas,urgenciologo,sala de operaciones,CAM-424,hospitalaria estandar,True,False
REG-100056,2026-05-01 08:32:40,medico,urgenciologo,atencion prioritaria,CAM-372,cama uci electrica,False,False
REG-100057,2026-05-01 08:33:15,medico,pediatra,area administrativa,CAM-130,camilla,False,False
REG-100059,2026-05-01 08:34:25,administrativo,admitido,uci pediatria,CAM-510,cama uci electrica,False,False
REG-100060,2026-05-01 08:35:00,finanzas,costos e insumos,urgencias,CAM-903,camilla,False,True
REG-100062,2026-05-01 08:36:10,administrativo,facturacion,sala de operaciones,CAM-405,hospitalaria estandar,True,False
REG-100063,2026-05-01 08:36:45,finanzas,anestesiologo,sala de operaciones,CAM-985,cuna pediatrica,False,True
REG-100066,2026-05-01 08:38:30,finanzas,contabilidad,area administrativa,CAM-393,cuna pediatrica,False,False
REG-100067,2026-05-01 08:39:05,finanzas,tesoreria,finanzas,CAM-654,cama uci electrica,False,False
REG-100068,2026-05-01 08:39:40,medico,no especificado,piso 3 - hospitalizacion,CAM-160,cuna pediatrica,False,True
REG-100069,2026-05-01 08:40:15,finanzas,tesoreria,sala de operaciones,CAM-486,hospitalaria estandar,False,False
REG-100070,2026-05-01 08:40:50,administrativo,facturacion,finanzas,CAM-108,camilla de transporte,True,False
REG-100071,2026-05-01 08:41:25,medico,urgenciologo,urgencias,CAM-562,camilla,True,False
REG-100072,2026-05-01 08:42:00,medico,cirujano general,pasillo urgencias,CAM-577,cuna pediatrica,False,False
REG-100073,2026-05-01 08:42:35,medico,anestesiologo,finanzas,CAM-264,camilla de transporte,False,False
REG-100074,2026-05-01 08:43:10,administrativo,talento humano,pasillo urgencias,CAM-532,camilla,True,False
REG-100075,2026-05-01 08:43:45,administrativo,admitido,piso 3 - hospitalizacion,CAM-434,cama uci electrica,False,False
REG-100076,2026-05-01 08:44:20,administrativo,auditoria medica,sala de operaciones,CAM-352,hospitalaria estandar,False,False
REG-100077,2026-05-01 08:44:55,finanzas,tesoreria,urgencias,CAM-250,camilla de transporte,False,True
REG-100078,2026-05-01 08:45:30,medico,anestesiologo,urgencias,CAM-762,cuna pediatrica,False,False
REG-100079,2026-05-01 08:46:05,administrativo,admitido,uci adultos,CAM-584,cuna pediatrica,False,False
REG-100080,2026-05-01 08:46:40,finanzas,contabilidad,piso 3 - hospitalizacion,CAM-137,hospitalaria estandar,False,False
REG-100081,2026-05-01 08:47:15,medico,cirujano general,atencion prioritaria,CAM-899,hospitalaria estandar,False,False
REG-100082,2026-05-01 08:47:50,medico,anestesiologo,uci adultos,CAM-265,camilla de transporte,False,False
REG-100083,2026-05-01 08:48:25,medico,cirujano general,atencion prioritaria,CAM-829,cuna pediatrica,False,False
REG-100084,2026-05-01 08:49:00,medico,no especificado,uci adultos,CAM-176,cuna pediatrica,False,False
REG-100085,2026-05-01 08:49:35,administrativo,facturacion,atencion prioritaria,CAM-337,cuna pediatrica,True,False
REG-100086,2026-05-01 08:50:10,medico,cirujano general,sala de operaciones,CAM-521,hospitalaria estandar,False,False
REG-100087,2026-05-01 08:50:45,finanzas,contabilidad,urgencias,CAM-504,hospitalaria estandar,False,False
REG-100088,2026-05-01 08:51:20,administrativo,admitido,atencion prioritaria,CAM-112,cama uci electrica,True,True
REG-100089,2026-05-01 08:51:55,finanzas,tesoreria,piso 3 - hospitalizacion,CAM-742,cama uci electrica,False,False
REG-100090,2026-05-01 08:52:30,medico,anestesiologo,atencion prioritaria,CAM-804,camilla,False,True
REG-100091,2026-05-01 08:53:05,administrativo,admitido,pasillo urgencias,CAM-851,cuna pediatrica,True,True
REG-100092,2026-05-01 08:53:40,finanzas,contabilidad,sala de operaciones,CAM-947,cuna pediatrica,False,False
REG-100093,2026-05-01 08:54:15,finanzas,contabilidad,atencion prioritaria,CAM-502,hospitalaria estandar,True,False
REG-100094,2026-05-01 08:54:50,administrativo,admitido,uci adultos,CAM-515,hospitalaria estandar,False,False
REG-100096,2026-05-01 08:56:00,medico,cirujano general,piso 3 - hospitalizacion,CAM-483,hospitalaria estandar,False,False
REG-100097,2026-05-01 08:56:35,medico,anestesiologo,urgencias,CAM-687,camilla,False,False
REG-100098,2026-05-01 08:57:10,medico,pediatra,urgencias,CAM-705,cuna pediatrica,False,False
REG-100099,2026-05-01 08:57:45,medico,cirujano,atencion prioritaria,CAM-291,camilla de transporte,False,False
REG-100100,2026-05-01 08:58:20,finanzas,contabilidad,uci adultos,CAM-620,cama uci electrica,False,False
REG-100101,2026-05-01 08:58:55,finanzas,contabilidad,uci adultos,CAM-195,camilla de transporte,False,False
REG-100102,2026-05-01 08:59:30,administrativo,facturacion,atencion prioritaria,CAM-842,cuna pediatrica,True,False
REG-100103,2026-05-01 09:00:05,administrativo,auditoria medica,sala de operaciones,CAM-716,camilla,True,False
REG-100106,2026-05-01 09:01:50,finanzas,no especificado,atencion prioritaria,CAM-934,camilla de transporte,False,True
REG-100108,2026-05-01 09:03:00,medico,cirujano,sala de operaciones,CAM-634,camilla de transporte,True,False
REG-100109,2026-05-01 09:03:35,medico,urgenciologo,urgencias,CAM-814,camilla,False,False
REG-100111,2026-05-01 09:04:45,administrativo,facturacion,piso 3 - hospitalizacion,CAM-647,camilla de transporte,False,False
REG-100113,2026-05-01 09:05:55,medico,pediatra,atencion prioritaria,CAM-380,hospitalaria estandar,False,False
REG-100115,2026-05-01 09:07:05,administrativo,facturacion,uci pediatria,CAM-746,camilla de transporte,False,False
REG-100119,2026-05-01 09:09:25,medico,anestesiologo,uci adultos,CAM-754,cuna pediatrica,False,False
REG-100120,2026-05-01 09:10:00,administrativo,talento humano,sala de operaciones,CAM-715,cama uci electrica,True,False
REG-100121,2026-05-01 09:10:35,medico,urgenciologo,piso 3 - hospitalizacion,CAM-477,camilla de transporte,False,False
REG-100122,2026-05-01 09:11:10,medico,pediatra,sala de operaciones,CAM-164,hospitalaria estandar,False,True
REG-100123,2026-05-01 09:11:45,medico,cirujano,urgencias,CAM-200,camilla de transporte,False,True
REG-100124,2026-05-01 09:12:20,medico,cirujano general,atencion prioritaria,CAM-136,hospitalaria estandar,False,False
REG-100127,2026-05-01 09:14:05,medico,urgenciologo,area administrativa,CAM-574,camilla,False,True
REG-100128,2026-05-01 09:14:40,medico,urgenciologo,sala de operaciones,CAM-442,camilla,True,False
REG-100129,2026-05-01 09:15:15,administrativo,admitido,finanzas,CAM-632,camilla,False,False
REG-100131,2026-05-01 09:16:25,finanzas,contabilidad,uci adultos,CAM-473,cuna pediatrica,False,False
REG-100132,2026-05-01 09:17:00,finanzas,costos e insumos,sala de operaciones,CAM-749,hospitalaria estandar,False,False
REG-100133,2026-05-01 09:17:35,finanzas,contabilidad,sala de operaciones,CAM-679,cama uci electrica,False,True
REG-100135,2026-05-01 09:18:45,finanzas,contabilidad,uci pediatria,CAM-357,cama uci electrica,True,True
REG-100136,2026-05-01 09:19:20,administrativo,no especificado,pasillo urgencias,CAM-581,camilla,True,False
REG-100137,2026-05-01 09:19:55,administrativo,auditoria medica,pasillo urgencias,CAM-948,cama uci electrica,False,False
REG-100138,2026-05-01 09:20:30,medico,anestesiologo,sala de operaciones,CAM-881,cama uci electrica,False,False
REG-100139,2026-05-01 09:21:05,finanzas,contabilidad,sala de operaciones,CAM-104,cama uci electrica,False,False
REG-100141,2026-05-01 09:22:15,medico,cirujano general,sala de operaciones,CAM-169,no especificado,True,False
REG-100142,2026-05-01 09:22:50,medico,cirujano general,pasillo urgencias,CAM-661,camilla,False,False
REG-100145,2026-05-01 09:24:35,medico,cirujano general,finanzas,CAM-135,hospitalaria estandar,False,False
REG-100146,2026-05-01 09:25:10,administrativo,talento humano,uci pediatria,CAM-322,cama uci electrica,False,True
REG-100147,2026-05-01 09:25:45,medico,urgenciologo,uci pediatria,CAM-681,camilla,True,True
REG-100148,2026-05-01 09:26:20,medico,anestesiologo,atencion prioritaria,CAM-280,camilla de transporte,False,False
REG-100149,2026-05-01 09:26:55,administrativo,talento humano,pasillo urgencias,CAM-122,camilla de transporte,True,False
REG-100150,2026-05-01 09:27:30,finanzas,costos e insumos,sala de operaciones,CAM-539,camilla de transporte,True,True
REG-100152,2026-05-01 09:28:40,administrativo,auditoria medica,uci adultos,CAM-904,camilla de transporte,False,False
REG-100153,2026-05-01 09:29:15,medico,cirujano,finanzas,CAM-364,cama uci electrica,False,False
REG-100155,2026-05-01 09:30:25,finanzas,costos e insumos,urgencias,CAM-935,camilla,False,True
REG-100156,2026-05-01 09:31:00,administrativo,facturacion,uci pediatria,CAM-738,cuna pediatrica,False,True
REG-100157,2026-05-01 09:31:35,medico,cirujano general,pasillo urgencias,CAM-463,camilla de transporte,False,False
REG-100158,2026-05-01 09:32:10,finanzas,contabilidad,sala de operaciones,CAM-381,cama uci electrica,False,False
REG-100159,2026-05-01 09:32:45,finanzas,contabilidad,sala de operaciones,CAM-598,camilla de transporte,False,False
REG-100160,2026-05-01 09:33:20,medico,pediatra,atencion prioritaria,CAM-644,camilla,False,True
REG-100161,2026-05-01 09:33:55,medico,cirujano general,sala de operaciones,CAM-132,cuna pediatrica,True,False
REG-100163,2026-05-01 09:35:05,medico,urgenciologo,sala de operaciones,CAM-216,camilla,False,False
REG-100164,2026-05-01 09:35:40,administrativo,auditoria medica,sala de operaciones,CAM-500,camilla de transporte,False,True
REG-100165,2026-05-01 09:36:15,finanzas,costos e insumos,atencion prioritaria,CAM-626,camilla de transporte,False,True
REG-100169,2026-05-01 09:38:35,medico,urgenciologo,atencion prioritaria,CAM-281,cama uci electrica,False,False
REG-100172,2026-05-01 09:40:20,finanzas,contabilidad,atencion prioritaria,CAM-901,hospitalaria estandar,False,False
REG-100173,2026-05-01 09:40:55,finanzas,tesoreria,area administrativa,CAM-914,camilla de transporte,False,True
REG-100174,2026-05-01 09:41:30,administrativo,talento humano,uci adultos,CAM-675,camilla,False,False
REG-100175,2026-05-01 09:42:05,administrativo,talento humano,atencion prioritaria,CAM-848,camilla,True,False
REG-100176,2026-05-01 09:42:40,administrativo,facturacion,area administrativa,CAM-852,camilla de transporte,True,True
REG-100177,2026-05-01 09:43:15,medico,anestesiologo,uci adultos,CAM-371,camilla de transporte,True,True
REG-100178,2026-05-01 09:43:50,administrativo,auditoria medica,piso 3 - hospitalizacion,CAM-294,cuna pediatrica,False,False
REG-100180,2026-05-01 09:45:00,administrativo,facturacion,finanzas,CAM-111,camilla de transporte,False,False
REG-100181,2026-05-01 09:45:35,administrativo,auditoria medica,uci pediatria,CAM-889,cama uci electrica,True,False
REG-100183,2026-05-01 09:46:45,administrativo,admitido,atencion prioritaria,CAM-413,cuna pediatrica,False,True
REG-100184,2026-05-01 09:47:20,finanzas,costos e insumos,atencion prioritaria,CAM-363,hospitalaria estandar,False,False
REG-100187,2026-05-01 09:49:05,administrativo,facturacion,piso 3 - hospitalizacion,CAM-849,hospitalaria estandar,False,False
REG-100188,2026-05-01 09:49:40,finanzas,contabilidad,atencion prioritaria,CAM-780,hospitalaria estandar,False,False
REG-100190,2026-05-01 09:50:50,finanzas,contabilidad,uci adultos,CAM-925,cama uci electrica,False,False
REG-100191,2026-05-01 09:51:25,administrativo,facturacion,pasillo urgencias,CAM-514,cama uci electrica,False,True
REG-100192,2026-05-01 09:52:00,administrativo,facturacion,uci pediatria,CAM-830,camilla de transporte,False,False
REG-100193,2026-05-01 09:52:35,finanzas,tesoreria,sala de operaciones,CAM-457,hospitalaria estandar,True,True
REG-100194,2026-05-01 09:53:10,administrativo,auditoria medica,atencion prioritaria,CAM-490,camilla,False,False
REG-100196,2026-05-01 09:54:20,finanzas,contabilidad,urgencias,CAM-225,camilla de transporte,False,False
REG-100197,2026-05-01 09:54:55,administrativo,no especificado,pasillo urgencias,CAM-966,camilla de transporte,False,False
REG-100198,2026-05-01 09:55:30,administrativo,facturacion,area administrativa,CAM-636,cama uci electrica,False,False
REG-100199,2026-05-01 09:56:05,medico,pediatra,sala de operaciones,CAM-733,hospitalaria estandar,False,False
REG-100200,2026-05-01 09:56:40,finanzas,contabilidad,sala de operaciones,CAM-493,cuna pediatrica,True,False
REG-100201,2026-05-01 09:57:15,medico,urgenciologo,atencion prioritaria,CAM-643,camilla de transporte,False,False
REG-100202,2026-05-01 09:57:50,medico,cirujano,urgencias,CAM-147,camilla de transporte,False,False
REG-100203,2026-05-01 09:58:25,finanzas,tesoreria,urgencias,CAM-826,camilla de transporte,False,False
REG-100204,2026-05-01 09:59:00,finanzas,contabilidad,urgencias,CAM-884,camilla,False,False
REG-100205,2026-05-01 09:59:35,administrativo,facturacion,uci adultos,CAM-640,cuna pediatrica,False,True
REG-100207,2026-05-01 10:00:45,administrativo,admitido,atencion prioritaria,CAM-229,cama uci electrica,False,False
REG-100208,2026-05-01 10:01:20,administrativo,admitido,sala de operaciones,CAM-578,cuna pediatrica,False,False
REG-100210,2026-05-01 10:02:30,finanzas,tesoreria,urgencias,CAM-910,hospitalaria estandar,False,False
REG-100211,2026-05-01 10:03:05,administrativo,facturacion,uci pediatria,CAM-931,hospitalaria estandar,False,False
REG-100212,2026-05-01 10:03:40,finanzas,costos e insumos,sala de operaciones,CAM-648,hospitalaria estandar,False,True
REG-100213,2026-05-01 10:04:15,finanzas,costos e insumos,uci adultos,CAM-227,cuna pediatrica,False,False
REG-100214,2026-05-01 10:04:50,finanzas,pediatra,sala de operaciones,CAM-837,camilla,False,False
REG-100215,2026-05-01 10:05:25,finanzas,contabilidad,urgencias,CAM-760,camilla de transporte,False,False
REG-100216,2026-05-01 10:06:00,administrativo,admitido,piso 3 - hospitalizacion,CAM-778,camilla de transporte,False,False
REG-100217,2026-05-01 10:06:35,finanzas,contabilidad,atencion prioritaria,CAM-798,hospitalaria estandar,False,False
REG-100219,2026-05-01 10:07:45,administrativo,facturacion,piso 3 - hospitalizacion,CAM-360,hospitalaria estandar,False,False
REG-100221,2026-05-01 10:08:55,administrativo,facturacion,uci adultos,CAM-181,cama uci electrica,False,False
REG-100222,2026-05-01 10:09:30,medico,cirujano,finanzas,CAM-554,hospitalaria estandar,False,False
REG-100224,2026-05-01 10:10:40,medico,cirujano,finanzas,CAM-857,cama uci electrica,False,False
REG-100227,2026-05-01 10:12:25,administrativo,talento humano,sala de operaciones,CAM-401,camilla de transporte,False,True
REG-100228,2026-05-01 10:13:00,administrativo,facturacion,atencion prioritaria,CAM-373,cuna pediatrica,False,False
REG-100229,2026-05-01 10:13:35,medico,anestesiologo,piso 3 - hospitalizacion,CAM-906,cuna pediatrica,True,False
REG-100230,2026-05-01 10:14:10,administrativo,auditoria medica,sala de operaciones,CAM-178,camilla,False,False
REG-100232,2026-05-01 10:15:20,administrativo,facturacion,piso 3 - hospitalizacion,CAM-334,cuna pediatrica,True,False
REG-100233,2026-05-01 10:15:55,finanzas,costos e insumos,finanzas,CAM-678,camilla,True,False
REG-100234,2026-05-01 10:16:30,administrativo,auditoria medica,pasillo urgencias,CAM-568,camilla,False,False
REG-100237,2026-05-01 10:18:15,administrativo,facturacion,area administrativa,CAM-188,camilla de transporte,False,False
REG-100239,2026-05-01 10:19:25,medico,urgenciologo,pasillo urgencias,CAM-657,camilla,True,False
REG-100240,2026-05-01 10:20:00,medico,pediatra,uci pediatria,CAM-875,cama uci electrica,False,False
REG-100241,2026-05-01 10:20:35,medico,urgenciologo,pasillo urgencias,CAM-282,camilla de transporte,True,False
REG-100242,2026-05-01 10:21:10,finanzas,cirujano general,sala de operaciones,CAM-941,hospitalaria estandar,False,True
REG-100243,2026-05-01 10:21:45,finanzas,tesoreria,urgencias,CAM-885,camilla de transporte,False,False
REG-100245,2026-05-01 10:22:55,finanzas,costos e insumos,piso 3 - hospitalizacion,CAM-330,cama uci electrica,False,False
REG-100247,2026-05-01 10:24:05,finanzas,tesoreria,atencion prioritaria,CAM-936,cuna pediatrica,False,False
REG-100249,2026-05-01 10:25:15,medico,urgenciologo,pasillo urgencias,CAM-601,camilla,False,True
REG-100250,2026-05-01 10:25:50,finanzas,costos e insumos,atencion prioritaria,CAM-172,cuna pediatrica,True,False
REG-100254,2026-05-01 10:28:10,administrativo,facturacion,pasillo urgencias,CAM-615,cuna pediatrica,False,False
REG-100255,2026-05-01 10:28:45,administrativo,facturacion,piso 3 - hospitalizacion,CAM-692,camilla de transporte,False,False
REG-100257,2026-05-01 10:29:55,medico,cirujano general,urgencias,CAM-189,camilla de transporte,False,False
REG-100258,2026-05-01 10:30:30,administrativo,facturacion,uci pediatria,CAM-951,cuna pediatrica,True,True
REG-100259,2026-05-01 10:31:05,administrativo,facturacion,finanzas,CAM-609,camilla,False,False
REG-100260,2026-05-01 10:31:40,finanzas,contabilidad,sala de operaciones,CAM-255,cuna pediatrica,False,False
REG-100261,2026-05-01 10:32:15,finanzas,contabilidad,sala de operaciones,CAM-228,camilla,True,True
REG-100262,2026-05-01 10:32:50,finanzas,contabilidad,urgencias,CAM-699,cama uci electrica,True,False
REG-100264,2026-05-01 10:34:00,administrativo,facturacion,finanzas,CAM-949,cama uci electrica,False,True
REG-100265,2026-05-01 10:34:35,administrativo,auditoria medica,urgencias,CAM-600,no especificado,False,True
REG-100266,2026-05-01 10:35:10,finanzas,costos e insumos,area administrativa,CAM-430,hospitalaria estandar,False,False
REG-100267,2026-05-01 10:35:45,finanzas,contabilidad,piso 3 - hospitalizacion,CAM-660,cama uci electrica,False,True
REG-100268,2026-05-01 10:36:20,finanzas,contabilidad,urgencias,CAM-356,cuna pediatrica,False,True
REG-100270,2026-05-01 10:37:30,medico,cirujano general,urgencias,CAM-168,hospitalaria estandar,False,False
REG-100272,2026-05-01 10:38:40,medico,cirujano general,pasillo urgencias,CAM-287,camilla,True,True
REG-100273,2026-05-01 10:39:15,finanzas,contabilidad,urgencias,CAM-202,camilla,False,True
REG-100274,2026-05-01 10:39:50,administrativo,admitido,atencion prioritaria,CAM-446,cama uci electrica,False,False
REG-100277,2026-05-01 10:41:35,finanzas,tesoreria,sala de operaciones,CAM-617,cama uci electrica,False,True
REG-100278,2026-05-01 10:42:10,medico,urgenciologo,pasillo urgencias,CAM-543,cuna pediatrica,True,False
REG-100280,2026-05-01 10:43:20,administrativo,talento humano,atencion prioritaria,CAM-505,cuna pediatrica,False,True
REG-100281,2026-05-01 10:43:55,administrativo,talento humano,pasillo urgencias,CAM-850,camilla,False,False
REG-100282,2026-05-01 10:44:30,administrativo,no especificado,atencion prioritaria,CAM-270,camilla,False,False
REG-100283,2026-05-01 10:45:05,finanzas,contabilidad,uci pediatria,CAM-580,hospitalaria estandar,False,False
REG-100284,2026-05-01 10:45:40,medico,cirujano,atencion prioritaria,CAM-313,camilla de transporte,True,False
REG-100285,2026-05-01 10:46:15,administrativo,facturacion,piso 3 - hospitalizacion,CAM-367,camilla,True,False
REG-100286,2026-05-01 10:46:50,administrativo,admitido,pasillo urgencias,CAM-204,cama uci electrica,False,True
REG-100288,2026-05-01 10:48:00,medico,urgenciologo,finanzas,CAM-305,hospitalaria estandar,False,False
REG-100293,2026-05-01 10:50:55,medico,cirujano general,sala de operaciones,CAM-697,cuna pediatrica,True,False
REG-100294,2026-05-01 10:51:30,medico,pediatra,uci pediatria,CAM-480,camilla de transporte,True,False
REG-100297,2026-05-01 10:53:15,finanzas,tesoreria,piso 3 - hospitalizacion,CAM-590,hospitalaria estandar,False,True
REG-100298,2026-05-01 10:53:50,medico,urgenciologo,area administrativa,CAM-960,camilla de transporte,False,False
REG-100300,2026-05-01 10:55:00,medico,cirujano,urgencias,CAM-125,cama uci electrica,False,False
REG-100301,2026-05-01 10:55:35,medico,urgenciologo,urgencias,CAM-816,cama uci electrica,False,False
REG-100303,2026-05-01 10:56:45,medico,urgenciologo,finanzas,CAM-872,cuna pediatrica,False,True
REG-100304,2026-05-01 10:57:20,administrativo,admitido,urgencias,CAM-917,hospitalaria estandar,False,True
REG-100307,2026-05-01 10:59:05,administrativo,facturacion,piso 3 - hospitalizacion,CAM-619,hospitalaria estandar,True,True
REG-100308,2026-05-01 10:59:40,finanzas,contabilidad,uci adultos,CAM-420,hospitalaria estandar,False,False
REG-100309,2026-05-01 11:00:15,finanzas,costos e insumos,piso 3 - hospitalizacion,CAM-410,cuna pediatrica,False,False
REG-100311,2026-05-01 11:01:25,medico,anestesiologo,uci pediatria,CAM-727,camilla de transporte,False,False
REG-100312,2026-05-01 11:02:00,finanzas,costos e insumos,area administrativa,CAM-232,cuna pediatrica,False,False
REG-100313,2026-05-01 11:02:35,medico,cirujano general,urgencias,CAM-740,hospitalaria estandar,False,False
REG-100315,2026-05-01 11:03:45,administrativo,talento humano,atencion prioritaria,CAM-398,hospitalaria estandar,False,True
REG-100316,2026-05-01 11:04:20,administrativo,talento humano,uci pediatria,CAM-896,camilla,False,False
REG-100317,2026-05-01 11:04:55,administrativo,auditoria medica,sala de operaciones,CAM-956,camilla,False,True
REG-100318,2026-05-01 11:05:30,administrativo,facturacion,atencion prioritaria,CAM-604,cuna pediatrica,False,True
REG-100319,2026-05-01 11:06:05,administrativo,talento humano,uci adultos,CAM-722,camilla de transporte,False,False
REG-100320,2026-05-01 11:06:40,medico,urgenciologo,sala de operaciones,CAM-308,hospitalaria estandar,False,False
REG-100321,2026-05-01 11:07:15,finanzas,contabilidad,sala de operaciones,CAM-156,cuna pediatrica,False,True
REG-100322,2026-05-01 11:07:50,administrativo,auditoria medica,area administrativa,CAM-148,camilla,False,False
REG-100323,2026-05-01 11:08:25,administrativo,facturacion,uci pediatria,CAM-221,camilla de transporte,False,True
REG-100325,2026-05-01 11:09:35,administrativo,facturacion,uci adultos,CAM-293,cama uci electrica,False,False
REG-100326,2026-05-01 11:10:10,finanzas,contabilidad,urgencias,CAM-779,cuna pediatrica,True,False
REG-100327,2026-05-01 11:10:45,administrativo,talento humano,piso 3 - hospitalizacion,CAM-653,camilla,False,False
REG-100329,2026-05-01 11:11:55,finanzas,contabilidad,uci pediatria,CAM-158,camilla de transporte,False,True
REG-100330,2026-05-01 11:12:30,administrativo,facturacion,area administrativa,CAM-717,cama uci electrica,False,False
REG-100333,2026-05-01 11:14:15,finanzas,contabilidad,atencion prioritaria,CAM-545,camilla,True,False
REG-100334,2026-05-01 11:14:50,medico,urgenciologo,piso 3 - hospitalizacion,CAM-646,cuna pediatrica,False,False
REG-100339,2026-05-01 11:17:45,administrativo,auditoria medica,uci pediatria,CAM-379,cuna pediatrica,True,False
REG-100340,2026-05-01 11:18:20,medico,cirujano,uci pediatria,CAM-328,camilla,True,False
REG-100341,2026-05-01 11:18:55,administrativo,facturacion,uci pediatria,CAM-385,hospitalaria estandar,False,False
REG-100343,2026-05-01 11:20:05,administrativo,talento humano,atencion prioritaria,CAM-150,camilla,False,True
REG-100345,2026-05-01 11:21:15,medico,cirujano general,sala de operaciones,CAM-278,camilla,False,False
REG-100347,2026-05-01 11:22:25,administrativo,auditoria medica,uci adultos,CAM-686,camilla de transporte,True,False
REG-100348,2026-05-01 11:23:00,administrativo,auditoria medica,atencion prioritaria,CAM-458,camilla de transporte,False,False
REG-100349,2026-05-01 11:23:35,finanzas,costos e insumos,pasillo urgencias,CAM-664,camilla de transporte,False,False
REG-100351,2026-05-01 11:24:45,finanzas,costos e insumos,piso 3 - hospitalizacion,CAM-719,cuna pediatrica,False,False
REG-100353,2026-05-01 11:25:55,medico,cirujano general,area administrativa,CAM-976,camilla de transporte,True,False
REG-100356,2026-05-01 11:27:40,medico,urgenciologo,sala de operaciones,CAM-624,cama uci electrica,True,True
REG-100359,2026-05-01 11:29:25,medico,anestesiologo,atencion prioritaria,CAM-285,camilla de transporte,False,True
REG-100362,2026-05-01 11:31:10,administrativo,admitido,uci pediatria,CAM-781,cuna pediatrica,False,False
REG-100363,2026-05-01 11:31:45,medico,urgenciologo,uci adultos,CAM-414,cuna pediatrica,True,True
REG-100364,2026-05-01 11:32:20,administrativo,admitido,uci adultos,CAM-808,cama uci electrica,True,True
REG-100365,2026-05-01 11:32:55,administrativo,facturacion,atencion prioritaria,CAM-579,cuna pediatrica,False,False
REG-100366,2026-05-01 11:33:30,finanzas,tesoreria,uci adultos,CAM-989,cuna pediatrica,False,False
REG-100367,2026-05-01 11:34:05,finanzas,contabilidad,atencion prioritaria,CAM-342,hospitalaria estandar,False,False
REG-100368,2026-05-01 11:34:40,administrativo,admitido,finanzas,CAM-345,hospitalaria estandar,True,True
REG-100369,2026-05-01 11:35:15,medico,pediatra,atencion prioritaria,CAM-349,cama uci electrica,False,False
REG-100370,2026-05-01 11:35:50,finanzas,costos e insumos,urgencias,CAM-247,cuna pediatrica,True,False
REG-100373,2026-05-01 11:37:35,administrativo,no especificado,sala de operaciones,CAM-859,camilla de transporte,True,True
REG-100374,2026-05-01 11:38:10,finanzas,cirujano,sala de operaciones,CAM-489,cama uci electrica,False,True
REG-100375,2026-05-01 11:38:45,medico,anestesiologo,piso 3 - hospitalizacion,CAM-611,cama uci electrica,False,False
REG-100377,2026-05-01 11:39:55,administrativo,admitido,uci adultos,CAM-547,camilla de transporte,False,True
REG-100378,2026-05-01 11:40:30,administrativo,facturacion,finanzas,CAM-317,cuna pediatrica,True,False
REG-100381,2026-05-01 11:42:15,medico,no especificado,piso 3 - hospitalizacion,CAM-839,cuna pediatrica,False,True
REG-100382,2026-05-01 11:42:50,finanzas,tesoreria,sala de operaciones,CAM-926,cama uci electrica,False,False
REG-100383,2026-05-01 11:43:25,administrativo,admitido,sala de operaciones,CAM-214,hospitalaria estandar,True,False
REG-100385,2026-05-01 11:44:35,finanzas,tesoreria,uci adultos,CAM-570,camilla de transporte,False,False
REG-100387,2026-05-01 11:45:45,finanzas,costos e insumos,urgencias,CAM-198,camilla,False,False
REG-100388,2026-05-01 11:46:20,finanzas,contabilidad,atencion prioritaria,CAM-561,camilla,True,True
REG-100389,2026-05-01 11:46:55,medico,cirujano general,sala de operaciones,CAM-700,camilla de transporte,True,False
REG-100390,2026-05-01 11:47:30,finanzas,contabilidad,finanzas,CAM-983,camilla de transporte,False,False
REG-100391,2026-05-01 11:48:05,administrativo,facturacion,atencion prioritaria,CAM-922,camilla,False,True
REG-100392,2026-05-01 11:48:40,administrativo,admitido,area administrativa,CAM-257,cuna pediatrica,False,False
REG-100394,2026-05-01 11:49:50,finanzas,contabilidad,urgencias,CAM-894,camilla de transporte,False,False
REG-100395,2026-05-01 11:50:25,administrativo,talento humano,finanzas,CAM-656,cama uci electrica,True,False
REG-100396,2026-05-01 11:51:00,finanzas,contabilidad,uci pediatria,CAM-575,camilla,False,False
REG-100397,2026-05-01 11:51:35,finanzas,contabilidad,sala de operaciones,CAM-821,camilla,False,False
REG-100398,2026-05-01 11:52:10,finanzas,contabilidad,uci pediatria,CAM-507,cama uci electrica,True,True
REG-100399,2026-05-01 11:52:45,finanzas,tesoreria,urgencias,CAM-673,camilla,True,True
REG-100401,2026-05-01 11:53:55,medico,cirujano general,atencion prioritaria,CAM-154,cuna pediatrica,False,False
REG-100406,2026-05-01 11:56:50,medico,pediatra,atencion prioritaria,CAM-476,hospitalaria estandar,False,False
REG-100408,2026-05-01 11:58:00,medico,cirujano general,area administrativa,CAM-419,hospitalaria estandar,False,False
REG-100410,2026-05-01 11:59:10,administrativo,no especificado,sala de operaciones,CAM-387,hospitalaria estandar,False,True
REG-100411,2026-05-01 11:59:45,administrativo,talento humano,atencion prioritaria,CAM-606,hospitalaria estandar,True,False
REG-100412,2026-05-01 12:00:20,medico,urgenciologo,finanzas,CAM-197,camilla,False,True
REG-100413,2026-05-01 12:00:55,medico,urgenciologo,sala de operaciones,CAM-963,cuna pediatrica,True,False
REG-100414,2026-05-01 12:01:30,finanzas,contabilidad,area administrativa,CAM-529,camilla,False,False
REG-100417,2026-05-01 12:03:15,finanzas,contabilidad,urgencias,CAM-320,camilla,False,False
REG-100418,2026-05-01 12:03:50,medico,cirujano general,atencion prioritaria,CAM-184,no especificado,True,False
REG-100419,2026-05-01 12:04:25,medico,cirujano general,sala de operaciones,CAM-838,cama uci electrica,False,False
REG-100421,2026-05-01 12:05:35,finanzas,contabilidad,urgencias,CAM-923,cuna pediatrica,False,False
REG-100422,2026-05-01 12:06:10,finanzas,contabilidad,pasillo urgencias,CAM-866,hospitalaria estandar,False,True
REG-100423,2026-05-01 12:06:45,medico,urgenciologo,sala de operaciones,CAM-870,camilla de transporte,False,True
REG-100425,2026-05-01 12:07:55,medico,cirujano general,urgencias,CAM-763,camilla de transporte,False,False
REG-100426,2026-05-01 12:08:30,administrativo,talento humano,sala de operaciones,CAM-812,hospitalaria estandar,False,False
REG-100428,2026-05-01 12:09:40,administrativo,facturacion,uci pediatria,CAM-720,cuna pediatrica,False,True
REG-100429,2026-05-01 12:10:15,administrativo,talento humano,sala de operaciones,CAM-120,camilla,False,True
REG-100431,2026-05-01 12:11:25,finanzas,tesoreria,pasillo urgencias,CAM-210,cama uci electrica,False,True
REG-100432,2026-05-01 12:12:00,finanzas,contabilidad,uci pediatria,CAM-400,camilla de transporte,False,False
REG-100433,2026-05-01 12:12:35,finanzas,costos e insumos,pasillo urgencias,CAM-671,camilla,True,False
REG-100434,2026-05-01 12:13:10,administrativo,facturacion,uci pediatria,CAM-593,cuna pediatrica,True,False
REG-100435,2026-05-01 12:13:45,medico,anestesiologo,finanzas,CAM-608,cama uci electrica,False,True
REG-100436,2026-05-01 12:14:20,finanzas,costos e insumos,urgencias,CAM-269,camilla de transporte,False,False
REG-100437,2026-05-01 12:14:55,finanzas,contabilidad,area administrativa,CAM-567,hospitalaria estandar,False,True
REG-100444,2026-05-01 12:19:00,finanzas,costos e insumos,area administrativa,CAM-750,camilla,False,False
REG-100448,2026-05-01 12:21:20,administrativo,facturacion,uci adultos,CAM-123,cama uci electrica,False,False
REG-100452,2026-05-01 12:23:40,medico,urgenciologo,sala de operaciones,CAM-179,camilla de transporte,True,False
REG-100453,2026-05-01 12:24:15,finanzas,contabilidad,finanzas,CAM-395,cama uci electrica,False,False
REG-100454,2026-05-01 12:24:50,administrativo,admitido,finanzas,CAM-734,cama uci electrica,False,False
REG-100455,2026-05-01 12:25:25,administrativo,talento humano,finanzas,CAM-997,hospitalaria estandar,False,False
REG-100456,2026-05-01 12:26:00,finanzas,contabilidad,pasillo urgencias,CAM-368,camilla de transporte,False,False
REG-100457,2026-05-01 12:26:35,finanzas,costos e insumos,uci adultos,CAM-800,hospitalaria estandar,False,True
REG-100458,2026-05-01 12:27:10,medico,urgenciologo,sala de operaciones,CAM-121,cuna pediatrica,False,True
REG-100459,2026-05-01 12:27:45,administrativo,facturacion,pasillo urgencias,CAM-747,camilla,False,True
REG-100460,2026-05-01 12:28:20,medico,pediatra,sala de operaciones,CAM-772,no especificado,True,True
REG-100461,2026-05-01 12:28:55,administrativo,admitido,sala de operaciones,CAM-253,camilla de transporte,True,False
REG-100463,2026-05-01 12:30:05,finanzas,contabilidad,piso 3 - hospitalizacion,CAM-563,camilla de transporte,False,False
REG-100464,2026-05-01 12:30:40,medico,urgenciologo,urgencias,CAM-551,no especificado,False,False
REG-100465,2026-05-01 12:31:15,medico,cirujano,uci pediatria,CAM-161,camilla,False,False
REG-100466,2026-05-01 12:31:50,medico,urgenciologo,pasillo urgencias,CAM-447,cuna pediatrica,True,False
REG-100467,2026-05-01 12:32:25,administrativo,talento humano,sala de operaciones,CAM-736,camilla,False,False
REG-100469,2026-05-01 12:33:35,finanzas,costos e insumos,sala de operaciones,CAM-412,hospitalaria estandar,False,False
REG-100472,2026-05-01 12:35:20,administrativo,talento humano,urgencias,CAM-438,camilla de transporte,False,False
REG-100473,2026-05-01 12:35:55,medico,urgenciologo,sala de operaciones,CAM-876,camilla,False,False
REG-100474,2026-05-01 12:36:30,administrativo,facturacion,sala de operaciones,CAM-955,camilla,True,False
REG-100475,2026-05-01 12:37:05,medico,urgenciologo,pasillo urgencias,CAM-369,cama uci electrica,False,False
REG-100476,2026-05-01 12:37:40,medico,urgenciologo,piso 3 - hospitalizacion,CAM-853,hospitalaria estandar,True,True
REG-100477,2026-05-01 12:38:15,administrativo,facturacion,finanzas,CAM-436,cuna pediatrica,False,False
REG-100478,2026-05-01 12:38:50,finanzas,tesoreria,atencion prioritaria,CAM-628,camilla,False,False
REG-100481,2026-05-01 12:40:35,finanzas,contabilidad,sala de operaciones,CAM-864,camilla,False,False
REG-100485,2026-05-01 12:42:55,medico,anestesiologo,pasillo urgencias,CAM-324,camilla de transporte,False,False
REG-100487,2026-05-01 12:44:05,medico,anestesiologo,uci pediatria,CAM-180,camilla de transporte,True,False
REG-100490,2026-05-01 12:45:50,finanzas,contabilidad,uci pediatria,CAM-528,camilla de transporte,False,False
REG-100495,2026-05-01 12:48:45,finanzas,contabilidad,urgencias,CAM-433,hospitalaria estandar,False,False
REG-100496,2026-05-01 12:49:20,finanzas,contabilidad,sala de operaciones,CAM-460,cama uci electrica,True,False
REG-100497,2026-05-01 12:49:55,medico,pediatra,uci pediatria,CAM-973,hospitalaria estandar,False,True
REG-100498,2026-05-01 12:50:30,administrativo,facturacion,urgencias,CAM-470,cama uci electrica,False,False
REG-100499,2026-05-01 12:51:05,finanzas,contabilidad,pasillo urgencias,CAM-602,cuna pediatrica,True,True
REG-100502,2026-05-01 12:52:50,administrativo,talento humano,urgencias,CAM-706,camilla,False,False
REG-100504,2026-05-01 12:54:00,medico,no especificado,uci pediatria,CAM-685,cama uci electrica,False,True
REG-100505,2026-05-01 12:54:35,medico,urgenciologo,pasillo urgencias,CAM-764,hospitalaria estandar,True,True
REG-100506,2026-05-01 12:55:10,medico,pediatra,urgencias,CAM-743,camilla,False,False
REG-100507,2026-05-01 12:55:45,finanzas,contabilidad,finanzas,CAM-343,camilla de transporte,False,True
REG-100508,2026-05-01 12:56:20,finanzas,costos e insumos,sala de operaciones,CAM-323,camilla,False,False
REG-100510,2026-05-01 12:57:30,medico,urgenciologo,atencion prioritaria,CAM-802,hospitalaria estandar,False,False
REG-100511,2026-05-01 12:58:05,medico,cirujano,sala de operaciones,CAM-651,cama uci electrica,False,False
REG-100512,2026-05-01 12:58:40,administrativo,facturacion,sala de operaciones,CAM-905,camilla de transporte,False,False
REG-100513,2026-05-01 12:59:15,medico,urgenciologo,sala de operaciones,CAM-795,cama uci electrica,True,True
REG-100515,2026-05-01 13:00:25,administrativo,talento humano,uci adultos,CAM-625,cama uci electrica,False,False
REG-100516,2026-05-01 13:01:00,medico,urgenciologo,finanzas,CAM-791,cuna pediatrica,False,False
REG-100519,2026-05-01 13:02:45,administrativo,facturacion,sala de operaciones,CAM-301,hospitalaria estandar,True,False
REG-100522,2026-05-01 13:04:30,finanzas,costos e insumos,finanzas,CAM-871,cama uci electrica,False,False
REG-100523,2026-05-01 13:05:05,medico,cirujano,sala de operaciones,CAM-238,cuna pediatrica,True,False
REG-100524,2026-05-01 13:05:40,administrativo,talento humano,urgencias,CAM-587,hospitalaria estandar,False,False
REG-100526,2026-05-01 13:06:50,medico,urgenciologo,atencion prioritaria,CAM-863,camilla de transporte,False,False
REG-100527,2026-05-01 13:07:25,finanzas,no especificado,area administrativa,CAM-843,cama uci electrica,False,False
REG-100532,2026-05-01 13:10:20,administrativo,facturacion,atencion prioritaria,CAM-621,camilla,True,True
REG-100533,2026-05-01 13:10:55,administrativo,facturacion,sala de operaciones,CAM-847,camilla,False,False
REG-100534,2026-05-01 13:11:30,administrativo,auditoria medica,urgencias,CAM-506,camilla,False,True
REG-100536,2026-05-01 13:12:40,finanzas,costos e insumos,finanzas,CAM-971,cuna pediatrica,True,False
REG-100540,2026-05-01 13:15:00,finanzas,costos e insumos,pasillo urgencias,CAM-704,cuna pediatrica,True,True
REG-100541,2026-05-01 13:15:35,medico,anestesiologo,atencion prioritaria,CAM-735,cuna pediatrica,False,False
REG-100542,2026-05-01 13:16:10,medico,pediatra,pasillo urgencias,CAM-564,hospitalaria estandar,False,False
REG-100544,2026-05-01 13:17:20,medico,anestesiologo,sala de operaciones,CAM-339,cuna pediatrica,False,False
REG-100548,2026-05-01 13:19:40,finanzas,contabilidad,sala de operaciones,CAM-468,cama uci electrica,False,True
REG-100551,2026-05-01 13:21:25,finanzas,costos e insumos,urgencias,CAM-455,camilla de transporte,True,False
REG-100552,2026-05-01 13:22:00,finanzas,cirujano,sala de operaciones,CAM-933,camilla de transporte,False,False
REG-100554,2026-05-01 13:23:10,medico,pediatra,urgencias,CAM-891,hospitalaria estandar,False,True
REG-100555,2026-05-01 13:23:45,medico,cirujano,atencion prioritaria,CAM-177,hospitalaria estandar,True,True
REG-100557,2026-05-01 13:24:55,administrativo,talento humano,atencion prioritaria,CAM-897,cama uci electrica,False,True
REG-100558,2026-05-01 13:25:30,finanzas,contabilidad,pasillo urgencias,CAM-928,hospitalaria estandar,False,False
REG-100559,2026-05-01 13:26:05,finanzas,contabilidad,pasillo urgencias,CAM-279,cama uci electrica,True,False
REG-100561,2026-05-01 13:27:15,medico,urgenciologo,area administrativa,CAM-466,hospitalaria estandar,False,False
REG-100568,2026-05-01 13:31:20,finanzas,contabilidad,uci pediatria,CAM-942,no especificado,True,False
REG-100572,2026-05-01 13:33:40,medico,pediatra,uci adultos,CAM-336,camilla,True,False
REG-100576,2026-05-01 13:36:00,finanzas,tesoreria,area administrativa,CAM-980,cama uci electrica,False,False
REG-100578,2026-05-01 13:37:10,administrativo,admitido,sala de operaciones,CAM-444,camilla de transporte,True,False
REG-100579,2026-05-01 13:37:45,finanzas,costos e insumos,piso 3 - hospitalizacion,CAM-440,hospitalaria estandar,True,False
REG-100580,2026-05-01 13:38:20,finanzas,contabilidad,uci pediatria,CAM-724,cama uci electrica,False,False
REG-100581,2026-05-01 13:38:55,finanzas,contabilidad,finanzas,CAM-171,hospitalaria estandar,True,True
REG-100584,2026-05-01 13:40:40,administrativo,admitido,uci pediatria,CAM-702,camilla de transporte,False,True
REG-100586,2026-05-01 13:41:50,finanzas,contabilidad,piso 3 - hospitalizacion,CAM-254,camilla de transporte,False,False
REG-100587,2026-05-01 13:42:25,finanzas,anestesiologo,sala de operaciones,CAM-261,camilla,True,True
REG-100588,2026-05-01 13:43:00,finanzas,tesoreria,uci pediatria,CAM-787,camilla de transporte,False,False
REG-100591,2026-05-01 13:44:45,administrativo,facturacion,area administrativa,CAM-109,camilla de transporte,False,False
REG-100593,2026-05-01 13:45:55,medico,cirujano,area administrativa,CAM-865,camilla,True,False
REG-100595,2026-05-01 13:47:05,finanzas,tesoreria,area administrativa,CAM-134,cama uci electrica,False,True
REG-100597,2026-05-01 13:48:15,administrativo,auditoria medica,urgencias,CAM-427,cama uci electrica,True,False
REG-100598,2026-05-01 13:48:50,finanzas,tesoreria,sala de operaciones,CAM-961,camilla,False,False
REG-100600,2026-05-01 13:50:00,medico,urgenciologo,sala de operaciones,CAM-289,cuna pediatrica,True,False
REG-100601,2026-05-01 13:50:35,administrativo,talento humano,atencion prioritaria,CAM-732,camilla,False,False
REG-100603,2026-05-01 13:51:45,administrativo,facturacion,area administrativa,CAM-399,no especificado,False,False
REG-100607,2026-05-01 13:54:05,medico,cirujano general,urgencias,CAM-898,camilla,True,False
REG-100608,2026-05-01 13:54:40,administrativo,auditoria medica,sala de operaciones,CAM-592,cama uci electrica,False,False
REG-100609,2026-05-01 13:55:15,finanzas,contabilidad,finanzas,CAM-753,cama uci electrica,False,False
REG-100611,2026-05-01 13:56:25,medico,cirujano,uci pediatria,CAM-912,hospitalaria estandar,True,False
REG-100612,2026-05-01 13:57:00,medico,urgenciologo,uci pediatria,CAM-937,cuna pediatrica,True,False
REG-100613,2026-05-01 13:57:35,administrativo,admitido,area administrativa,CAM-375,camilla de transporte,True,False
REG-100614,2026-05-01 13:58:10,administrativo,facturacion,sala de operaciones,CAM-618,camilla,False,True
REG-100615,2026-05-01 13:58:45,finanzas,contabilidad,sala de operaciones,CAM-665,camilla,True,False
REG-100616,2026-05-01 13:59:20,administrativo,facturacion,pasillo urgencias,CAM-669,hospitalaria estandar,False,False
REG-100617,2026-05-01 13:59:55,finanzas,costos e insumos,area administrativa,CAM-245,camilla de transporte,False,False
REG-100621,2026-05-01 14:02:15,finanzas,tesoreria,pasillo urgencias,CAM-888,no especificado,True,False
REG-100624,2026-05-01 14:04:00,administrativo,talento humano,atencion prioritaria,CAM-538,camilla,False,False
REG-100625,2026-05-01 14:04:35,medico,cirujano general,atencion prioritaria,CAM-475,camilla de transporte,True,False
REG-100626,2026-05-01 14:05:10,medico,urgenciologo,finanzas,CAM-284,camilla,False,False
REG-100630,2026-05-01 14:07:30,administrativo,talento humano,uci adultos,CAM-691,hospitalaria estandar,False,False
REG-100634,2026-05-01 14:09:50,administrativo,talento humano,pasillo urgencias,CAM-867,camilla,False,False
REG-100635,2026-05-01 14:10:25,medico,urgenciologo,sala de operaciones,CAM-201,cuna pediatrica,False,False
REG-100636,2026-05-01 14:11:00,administrativo,facturacion,uci pediatria,CAM-288,cuna pediatrica,False,False
REG-100638,2026-05-01 14:12:10,administrativo,auditoria medica,piso 3 - hospitalizacion,CAM-117,cama uci electrica,False,False
REG-100639,2026-05-01 14:12:45,administrativo,talento humano,piso 3 - hospitalizacion,CAM-907,hospitalaria estandar,True,True
REG-100640,2026-05-01 14:13:20,administrativo,facturacion,atencion prioritaria,CAM-775,hospitalaria estandar,True,False
REG-100641,2026-05-01 14:13:55,finanzas,contabilidad,piso 3 - hospitalizacion,CAM-432,cuna pediatrica,True,True
REG-100642,2026-05-01 14:14:30,finanzas,costos e insumos,atencion prioritaria,CAM-231,camilla de transporte,True,False
REG-100644,2026-05-01 14:15:40,medico,pediatra,piso 3 - hospitalizacion,CAM-283,cuna pediatrica,True,False
REG-100647,2026-05-01 14:17:25,finanzas,contabilidad,pasillo urgencias,CAM-790,cama uci electrica,True,False
REG-100649,2026-05-01 14:18:35,finanzas,tesoreria,urgencias,CAM-696,camilla de transporte,False,True
REG-100652,2026-05-01 14:20:20,medico,cirujano,uci adultos,CAM-544,cama uci electrica,True,False
REG-100653,2026-05-01 14:20:55,finanzas,contabilidad,urgencias,CAM-244,cama uci electrica,False,False
REG-100654,2026-05-01 14:21:30,finanzas,cirujano,sala de operaciones,CAM-797,camilla de transporte,True,True
REG-100655,2026-05-01 14:22:05,finanzas,tesoreria,urgencias,CAM-118,camilla,False,False
REG-100656,2026-05-01 14:22:40,medico,urgenciologo,piso 3 - hospitalizacion,CAM-969,camilla de transporte,False,False
REG-100657,2026-05-01 14:23:15,administrativo,facturacion,uci pediatria,CAM-825,cama uci electrica,True,False
REG-100658,2026-05-01 14:23:50,medico,pediatra,uci adultos,CAM-807,cama uci electrica,True,True
REG-100662,2026-05-01 14:26:10,administrativo,facturacion,piso 3 - hospitalizacion,CAM-423,cuna pediatrica,False,False
REG-100668,2026-05-01 14:29:40,administrativo,admitido,atencion prioritaria,CAM-882,camilla de transporte,False,False
REG-100671,2026-05-01 14:31:25,medico,cirujano general,sala de operaciones,CAM-974,cuna pediatrica,False,False
REG-100673,2026-05-01 14:32:35,administrativo,admitido,sala de operaciones,CAM-777,cuna pediatrica,True,False
REG-100674,2026-05-01 14:33:10,finanzas,contabilidad,urgencias,CAM-157,cuna pediatrica,False,False
REG-100677,2026-05-01 14:34:55,administrativo,admitido,sala de operaciones,CAM-411,camilla de transporte,False,False
REG-100678,2026-05-01 14:35:30,medico,anestesiologo,uci pediatria,CAM-149,camilla,False,False
REG-100679,2026-05-01 14:36:05,finanzas,contabilidad,uci pediatria,CAM-908,camilla de transporte,False,False
REG-100680,2026-05-01 14:36:40,administrativo,admitido,pasillo urgencias,CAM-811,camilla de transporte,False,False
REG-100682,2026-05-01 14:37:50,medico,cirujano,pasillo urgencias,CAM-376,hospitalaria estandar,True,False
REG-100683,2026-05-01 14:38:25,finanzas,tesoreria,sala de operaciones,CAM-638,camilla de transporte,True,False
REG-100684,2026-05-01 14:39:00,finanzas,contabilidad,sala de operaciones,CAM-205,camilla de transporte,False,False
REG-100686,2026-05-01 14:40:10,finanzas,contabilidad,sala de operaciones,CAM-667,hospitalaria estandar,False,False
REG-100687,2026-05-01 14:40:45,administrativo,facturacion,piso 3 - hospitalizacion,CAM-443,camilla de transporte,False,False
REG-100692,2026-05-01 14:43:40,administrativo,facturacion,sala de operaciones,CAM-327,cuna pediatrica,True,False
REG-100693,2026-05-01 14:44:15,finanzas,contabilidad,piso 3 - hospitalizacion,CAM-286,camilla de transporte,True,False
REG-100694,2026-05-01 14:44:50,medico,cirujano,finanzas,CAM-366,no especificado,False,False
REG-100697,2026-05-01 14:46:35,administrativo,admitido,atencion prioritaria,CAM-146,cama uci electrica,True,True
REG-100700,2026-05-01 14:48:20,administrativo,facturacion,sala de operaciones,CAM-823,cuna pediatrica,False,False
REG-100702,2026-05-01 14:49:30,finanzas,contabilidad,sala de operaciones,CAM-126,camilla,True,False
REG-100703,2026-05-01 14:50:05,finanzas,costos e insumos,pasillo urgencias,CAM-226,camilla de transporte,True,False
REG-100705,2026-05-01 14:51:15,administrativo,facturacion,sala de operaciones,CAM-645,cuna pediatrica,False,False
REG-100706,2026-05-01 14:51:50,medico,urgenciologo,finanzas,CAM-761,cuna pediatrica,False,False
REG-100707,2026-05-01 14:52:25,finanzas,tesoreria,urgencias,CAM-585,camilla de transporte,False,False
REG-100708,2026-05-01 14:53:00,medico,cirujano,urgencias,CAM-597,camilla,False,True
REG-100711,2026-05-01 14:54:45,administrativo,auditoria medica,area administrativa,CAM-571,camilla,False,False
REG-100717,2026-05-01 14:58:15,administrativo,facturacion,finanzas,CAM-456,camilla,False,False
REG-100718,2026-05-01 14:58:50,administrativo,admitido,urgencias,CAM-338,camilla,True,False
REG-100720,2026-05-01 15:00:00,medico,anestesiologo,uci pediatria,CAM-701,camilla,True,False
REG-100722,2026-05-01 15:01:10,administrativo,facturacion,uci pediatria,CAM-943,cama uci electrica,True,True
REG-100724,2026-05-01 15:02:20,medico,anestesiologo,pasillo urgencias,CAM-769,cama uci electrica,False,False
REG-100726,2026-05-01 15:03:30,finanzas,costos e insumos,finanzas,CAM-978,hospitalaria estandar,False,True
REG-100729,2026-05-01 15:05:15,administrativo,talento humano,piso 3 - hospitalizacion,CAM-496,camilla,False,False
REG-100731,2026-05-01 15:06:25,medico,no especificado,piso 3 - hospitalizacion,CAM-155,cuna pediatrica,False,False
REG-100734,2026-05-01 15:08:10,administrativo,no especificado,urgencias,CAM-915,camilla,False,False
REG-100735,2026-05-01 15:08:45,administrativo,facturacion,uci pediatria,CAM-119,camilla,False,False
REG-100737,2026-05-01 15:09:55,administrativo,admitido,uci pediatria,CAM-151,hospitalaria estandar,True,False
REG-100741,2026-05-01 15:12:15,administrativo,facturacion,atencion prioritaria,CAM-448,hospitalaria estandar,True,True
REG-100742,2026-05-01 15:12:50,finanzas,tesoreria,sala de operaciones,CAM-771,hospitalaria estandar,False,False
REG-100743,2026-05-01 15:13:25,administrativo,facturacion,uci adultos,CAM-801,camilla,False,True
REG-100744,2026-05-01 15:14:00,administrativo,facturacion,finanzas,CAM-662,camilla de transporte,False,False
REG-100751,2026-05-01 15:18:05,medico,urgenciologo,finanzas,CAM-806,cuna pediatrica,False,False
REG-100753,2026-05-01 15:19:15,finanzas,costos e insumos,urgencias,CAM-623,hospitalaria estandar,False,False
REG-100754,2026-05-01 15:19:50,medico,anestesiologo,atencion prioritaria,CAM-786,cama uci electrica,False,False
REG-100756,2026-05-01 15:21:00,administrativo,talento humano,atencion prioritaria,CAM-485,camilla,False,False
REG-100758,2026-05-01 15:22:10,finanzas,contabilidad,piso 3 - hospitalizacion,CAM-596,hospitalaria estandar,True,False
REG-100768,2026-05-01 15:28:00,medico,urgenciologo,urgencias,CAM-892,no especificado,False,False
REG-100769,2026-05-01 15:28:35,medico,pediatra,urgencias,CAM-386,cuna pediatrica,True,False
REG-100772,2026-05-01 15:30:20,finanzas,costos e insumos,urgencias,CAM-190,camilla de transporte,False,True
REG-100773,2026-05-01 15:30:55,finanzas,tesoreria,urgencias,CAM-642,hospitalaria estandar,False,False
REG-100775,2026-05-01 15:32:05,finanzas,tesoreria,finanzas,CAM-310,hospitalaria estandar,False,False
REG-100778,2026-05-01 15:33:50,finanzas,contabilidad,finanzas,CAM-758,cuna pediatrica,True,False
REG-100781,2026-05-01 15:35:35,finanzas,contabilidad,sala de operaciones,CAM-672,hospitalaria estandar,False,False
REG-100783,2026-05-01 15:36:45,administrativo,facturacion,piso 3 - hospitalizacion,CAM-173,hospitalaria estandar,False,False
REG-100784,2026-05-01 15:37:20,administrativo,auditoria medica,sala de operaciones,CAM-676,cuna pediatrica,True,False
REG-100787,2026-05-01 15:39:05,administrativo,talento humano,urgencias,CAM-101,hospitalaria estandar,False,True
REG-100789,2026-05-01 15:40:15,finanzas,contabilidad,pasillo urgencias,CAM-546,no especificado,False,False
REG-100790,2026-05-01 15:40:50,administrativo,auditoria medica,uci adultos,CAM-576,cama uci electrica,False,False
REG-100791,2026-05-01 15:41:25,finanzas,contabilidad,finanzas,CAM-526,camilla,False,False
REG-100792,2026-05-01 15:42:00,administrativo,facturacion,atencion prioritaria,CAM-519,camilla,False,False
REG-100796,2026-05-01 15:44:20,finanzas,contabilidad,pasillo urgencias,CAM-316,camilla de transporte,False,False
REG-100798,2026-05-01 15:45:30,medico,anestesiologo,sala de operaciones,CAM-465,camilla de transporte,True,True
REG-100800,2026-05-01 15:46:40,administrativo,facturacion,area administrativa,CAM-993,camilla de transporte,False,False
REG-100803,2026-05-01 15:48:25,medico,pediatra,atencion prioritaria,CAM-729,cama uci electrica,True,True
REG-100804,2026-05-01 15:49:00,finanzas,costos e insumos,piso 3 - hospitalizacion,CAM-295,camilla,True,False
REG-100805,2026-05-01 15:49:35,administrativo,facturacion,pasillo urgencias,CAM-248,no especificado,False,True
REG-100806,2026-05-01 15:50:10,medico,anestesiologo,sala de operaciones,CAM-730,cuna pediatrica,False,False
REG-100810,2026-05-01 15:52:30,administrativo,facturacion,finanzas,CAM-346,hospitalaria estandar,True,False
REG-100811,2026-05-01 15:53:05,administrativo,facturacion,urgencias,CAM-996,camilla de transporte,True,False
REG-100813,2026-05-01 15:54:15,finanzas,contabilidad,urgencias,CAM-803,cuna pediatrica,False,False
REG-100815,2026-05-01 15:55:25,finanzas,contabilidad,atencion prioritaria,CAM-277,cama uci electrica,False,False
REG-100816,2026-05-01 15:56:00,finanzas,facturacion,sala de operaciones,CAM-263,camilla de transporte,True,False
REG-100821,2026-05-01 15:58:55,medico,anestesiologo,uci pediatria,CAM-659,cama uci electrica,False,True
REG-100822,2026-05-01 15:59:30,finanzas,tesoreria,sala de operaciones,CAM-813,cuna pediatrica,False,False
REG-100824,2026-05-01 16:00:40,finanzas,contabilidad,area administrativa,CAM-709,cuna pediatrica,False,False
REG-100825,2026-05-01 16:01:15,finanzas,tesoreria,piso 3 - hospitalizacion,CAM-527,cama uci electrica,True,False
REG-100830,2026-05-01 16:04:10,medico,urgenciologo,area administrativa,CAM-404,cuna pediatrica,False,False
REG-100834,2026-05-01 16:06:30,administrativo,admitido,urgencias,CAM-799,camilla,False,False
REG-100835,2026-05-01 16:07:05,medico,cirujano,atencion prioritaria,CAM-589,cuna pediatrica,False,True
REG-100839,2026-05-01 16:09:25,medico,urgenciologo,atencion prioritaria,CAM-140,hospitalaria estandar,False,False
REG-100842,2026-05-01 16:11:10,finanzas,tesoreria,uci pediatria,CAM-107,cuna pediatrica,False,False
REG-100844,2026-05-01 16:12:20,medico,pediatra,sala de operaciones,CAM-658,camilla de transporte,True,False
REG-100845,2026-05-01 16:12:55,administrativo,auditoria medica,piso 3 - hospitalizacion,CAM-498,camilla,False,False
REG-100848,2026-05-01 16:14:40,finanzas,contabilidad,area administrativa,CAM-523,cama uci electrica,False,False
REG-100849,2026-05-01 16:15:15,finanzas,tesoreria,atencion prioritaria,CAM-236,cuna pediatrica,False,True
REG-100851,2026-05-01 16:16:25,finanzas,contabilidad,urgencias,CAM-388,cama uci electrica,False,False
REG-100852,2026-05-01 16:17:00,finanzas,costos e insumos,uci adultos,CAM-987,camilla de transporte,False,False
REG-100854,2026-05-01 16:18:10,administrativo,facturacion,urgencias,CAM-344,camilla,False,True
REG-100858,2026-05-01 16:20:30,administrativo,auditoria medica,uci adultos,CAM-116,hospitalaria estandar,False,False
REG-100862,2026-05-01 16:22:50,medico,cirujano general,finanzas,CAM-603,hospitalaria estandar,False,False
REG-100863,2026-05-01 16:23:25,finanzas,contabilidad,sala de operaciones,CAM-605,camilla,True,True
REG-100866,2026-05-01 16:25:10,medico,pediatra,uci pediatria,CAM-501,hospitalaria estandar,False,False
REG-100868,2026-05-01 16:26:20,finanzas,cirujano,sala de operaciones,CAM-938,cuna pediatrica,False,False
REG-100869,2026-05-01 16:26:55,administrativo,talento humano,sala de operaciones,CAM-329,camilla de transporte,True,False
REG-100870,2026-05-01 16:27:30,finanzas,costos e insumos,urgencias,CAM-998,camilla de transporte,True,False
REG-100875,2026-05-01 16:30:25,administrativo,facturacion,area administrativa,CAM-462,hospitalaria estandar,False,False
REG-100876,2026-05-01 16:31:00,medico,anestesiologo,uci adultos,CAM-166,camilla,False,False
REG-100883,2026-05-01 16:35:05,medico,urgenciologo,uci adultos,CAM-967,hospitalaria estandar,False,False
REG-100884,2026-05-01 16:35:40,finanzas,contabilidad,sala de operaciones,CAM-877,camilla de transporte,True,False
REG-100886,2026-05-01 16:36:50,medico,urgenciologo,finanzas,CAM-397,camilla,False,True
REG-100887,2026-05-01 16:37:25,finanzas,contabilidad,uci adultos,CAM-518,camilla,False,True
REG-100889,2026-05-01 16:38:35,administrativo,admitido,uci adultos,CAM-389,hospitalaria estandar,True,True
REG-100893,2026-05-01 16:40:55,administrativo,talento humano,finanzas,CAM-766,cama uci electrica,False,False
REG-100895,2026-05-01 16:42:05,finanzas,tesoreria,urgencias,CAM-594,camilla de transporte,False,True
REG-100896,2026-05-01 16:42:40,finanzas,contabilidad,atencion prioritaria,CAM-929,cuna pediatrica,False,False
REG-100901,2026-05-01 16:45:35,medico,urgenciologo,pasillo urgencias,CAM-215,camilla,True,False
REG-100903,2026-05-01 16:46:45,administrativo,facturacion,uci pediatria,CAM-243,camilla,False,True
REG-100906,2026-05-01 16:48:30,finanzas,contabilidad,area administrativa,CAM-233,hospitalaria estandar,False,False
REG-100907,2026-05-01 16:49:05,medico,cirujano,area administrativa,CAM-707,cama uci electrica,False,False
REG-100908,2026-05-01 16:49:40,finanzas,tesoreria,uci adultos,CAM-622,cuna pediatrica,False,False
REG-100910,2026-05-01 16:50:50,administrativo,facturacion,urgencias,CAM-358,hospitalaria estandar,False,True
REG-100911,2026-05-01 16:51:25,medico,anestesiologo,atencion prioritaria,CAM-242,cama uci electrica,True,True
REG-100917,2026-05-01 16:54:55,administrativo,talento humano,uci adultos,CAM-429,camilla,False,True
REG-100918,2026-05-01 16:55:30,finanzas,contabilidad,area administrativa,CAM-755,camilla,True,False
REG-100919,2026-05-01 16:56:05,medico,urgenciologo,urgencias,CAM-708,cama uci electrica,False,False
REG-100920,2026-05-01 16:56:40,administrativo,talento humano,sala de operaciones,CAM-530,hospitalaria estandar,False,False
REG-100921,2026-05-01 16:57:15,finanzas,tesoreria,urgencias,CAM-880,no especificado,False,False
REG-100923,2026-05-01 16:58:25,administrativo,admitido,atencion prioritaria,CAM-509,hospitalaria estandar,False,True
REG-100926,2026-05-01 17:00:10,medico,urgenciologo,uci pediatria,CAM-100,camilla de transporte,True,False
REG-100930,2026-05-01 17:02:30,finanzas,contabilidad,area administrativa,CAM-145,hospitalaria estandar,False,False
REG-100931,2026-05-01 17:03:05,finanzas,contabilidad,uci pediatria,CAM-441,cama uci electrica,False,True
REG-100932,2026-05-01 17:03:40,finanzas,costos e insumos,uci pediatria,CAM-595,hospitalaria estandar,False,False
REG-100934,2026-05-01 17:04:50,finanzas,contabilidad,urgencias,CAM-461,no especificado,False,True
REG-100935,2026-05-01 17:05:25,finanzas,contabilidad,sala de operaciones,CAM-312,cuna pediatrica,False,False
REG-100937,2026-05-01 17:06:35,medico,cirujano,sala de operaciones,CAM-153,hospitalaria estandar,True,False
REG-100939,2026-05-01 17:07:45,administrativo,facturacion,urgencias,CAM-616,cuna pediatrica,False,False
REG-100944,2026-05-01 17:10:40,administrativo,auditoria medica,urgencias,CAM-695,camilla,False,False
REG-100945,2026-05-01 17:11:15,finanzas,contabilidad,sala de operaciones,CAM-745,cuna pediatrica,True,False
REG-100946,2026-05-01 17:11:50,finanzas,contabilidad,piso 3 - hospitalizacion,CAM-698,camilla,False,True
REG-100949,2026-05-01 17:13:35,medico,pediatra,urgencias,CAM-409,no especificado,True,False
REG-100953,2026-05-01 17:15:55,medico,urgenciologo,finanzas,CAM-920,hospitalaria estandar,True,False
REG-100957,2026-05-01 17:18:15,medico,urgenciologo,atencion prioritaria,CAM-165,camilla,False,False
REG-100959,2026-05-01 17:19:25,medico,cirujano,uci pediatria,CAM-183,hospitalaria estandar,False,False
REG-100960,2026-05-01 17:20:00,medico,pediatra,atencion prioritaria,CAM-712,camilla,True,False
REG-100963,2026-05-01 17:21:45,administrativo,auditoria medica,urgencias,CAM-407,hospitalaria estandar,False,False
REG-100971,2026-05-01 17:26:25,finanzas,costos e insumos,area administrativa,CAM-711,camilla de transporte,True,False
REG-100976,2026-05-01 17:29:20,administrativo,facturacion,sala de operaciones,CAM-655,cuna pediatrica,True,False
REG-100980,2026-05-01 17:31:40,administrativo,talento humano,uci pediatria,CAM-488,camilla de transporte,False,False
REG-100981,2026-05-01 17:32:15,finanzas,costos e insumos,urgencias,CAM-856,cama uci electrica,True,True
REG-100988,2026-05-01 17:36:20,administrativo,talento humano,sala de operaciones,CAM-341,camilla de transporte,False,False
REG-100999,2026-05-01 17:42:45,administrativo,no especificado,pasillo urgencias,CAM-326,camilla,False,True
REG-101000,2026-05-01 17:43:20,finanzas,contabilidad,area administrativa,CAM-241,cuna pediatrica,False,False
REG-101004,2026-05-01 17:45:40,finanzas,tesoreria,sala de operaciones,CAM-503,cama uci electrica,False,False
REG-101007,2026-05-01 17:47:25,administrativo,admitido,pasillo urgencias,CAM-831,camilla de transporte,True,False
REG-101009,2026-05-01 17:48:35,administrativo,admitido,urgencias,CAM-222,cama uci electrica,False,False
REG-101016,2026-05-01 17:52:40,medico,anestesiologo,urgencias,CAM-873,hospitalaria estandar,False,False
REG-101021,2026-05-01 17:55:35,administrativo,auditoria medica,uci adultos,CAM-391,cama uci electrica,True,False
REG-101022,2026-05-01 17:56:10,finanzas,costos e insumos,finanzas,CAM-650,hospitalaria estandar,False,False
REG-101023,2026-05-01 17:56:45,finanzas,tesoreria,atencion prioritaria,CAM-945,camilla de transporte,False,False
REG-101026,2026-05-01 17:58:30,administrativo,admitido,atencion prioritaria,CAM-194,camilla,False,False
REG-101027,2026-05-01 17:59:05,medico,urgenciologo,area administrativa,CAM-495,camilla de transporte,False,False
REG-101034,2026-05-01 18:03:10,finanzas,facturacion,sala de operaciones,CAM-840,camilla,True,False
REG-101037,2026-05-01 18:04:55,medico,anestesiologo,urgencias,CAM-614,cuna pediatrica,True,False
REG-101038,2026-05-01 18:05:30,administrativo,facturacion,uci adultos,CAM-631,camilla de transporte,False,True
REG-101042,2026-05-01 18:07:50,medico,pediatra,uci pediatria,CAM-321,camilla de transporte,False,False
REG-101043,2026-05-01 18:08:25,medico,cirujano,urgencias,CAM-855,hospitalaria estandar,True,False
REG-101048,2026-05-01 18:11:20,finanzas,contabilidad,piso 3 - hospitalizacion,CAM-633,camilla,False,False
REG-101056,2026-05-01 18:16:00,medico,pediatra,pasillo urgencias,CAM-239,cama uci electrica,False,False
REG-101063,2026-05-01 18:20:05,finanzas,anestesiologo,sala de operaciones,CAM-115,hospitalaria estandar,True,True
REG-101065,2026-05-01 18:21:15,medico,urgenciologo,pasillo urgencias,CAM-449,hospitalaria estandar,True,False
REG-101066,2026-05-01 18:21:50,administrativo,admitido,atencion prioritaria,CAM-186,cuna pediatrica,True,True
REG-101068,2026-05-01 18:23:00,medico,cirujano,piso 3 - hospitalizacion,CAM-817,camilla,False,False
REG-101069,2026-05-01 18:23:35,medico,cirujano,uci pediatria,CAM-479,hospitalaria estandar,False,False
REG-101071,2026-05-01 18:24:45,medico,cirujano general,atencion prioritaria,CAM-565,camilla de transporte,False,False
REG-101072,2026-05-01 18:25:20,administrativo,auditoria medica,urgencias,CAM-822,hospitalaria estandar,False,False
REG-101076,2026-05-01 18:27:40,administrativo,admitido,sala de operaciones,CAM-174,camilla de transporte,False,False
REG-101078,2026-05-01 18:28:50,administrativo,talento humano,uci adultos,CAM-612,cama uci electrica,True,False
REG-101080,2026-05-01 18:30:00,administrativo,admitido,uci adultos,CAM-550,cama uci electrica,False,False
REG-101086,2026-05-01 18:33:30,administrativo,facturacion,urgencias,CAM-266,cuna pediatrica,False,False
REG-101091,2026-05-01 18:36:25,administrativo,talento humano,uci adultos,CAM-298,cama uci electrica,False,False
REG-101092,2026-05-01 18:37:00,finanzas,contabilidad,uci adultos,CAM-525,cuna pediatrica,False,False
REG-101095,2026-05-01 18:38:45,medico,pediatra,urgencias,CAM-537,cuna pediatrica,True,False
REG-101100,2026-05-01 18:41:40,finanzas,contabilidad,atencion prioritaria,CAM-422,hospitalaria estandar,False,True
REG-101102,2026-05-01 18:42:50,finanzas,contabilidad,finanzas,CAM-217,no especificado,False,False
REG-101105,2026-05-01 18:44:35,medico,pediatra,atencion prioritaria,CAM-737,camilla de transporte,False,True
REG-101106,2026-05-01 18:45:10,finanzas,contabilidad,uci pediatria,CAM-710,camilla de transporte,False,True
REG-101107,2026-05-01 18:45:45,finanzas,costos e insumos,uci pediatria,CAM-670,cuna pediatrica,True,False
REG-101119,2026-05-01 18:52:45,medico,cirujano,area administrativa,CAM-302,cuna pediatrica,False,False
REG-101129,2026-05-01 18:58:35,administrativo,talento humano,urgencias,CAM-273,cuna pediatrica,True,False
REG-101135,2026-05-01 19:02:05,administrativo,auditoria medica,finanzas,CAM-383,cuna pediatrica,False,False
REG-101136,2026-05-01 19:02:40,medico,pediatra,finanzas,CAM-439,camilla de transporte,False,False
REG-101140,2026-05-01 19:05:00,administrativo,admitido,pasillo urgencias,CAM-513,cuna pediatrica,False,False
REG-101141,2026-05-01 19:05:35,medico,anestesiologo,urgencias,CAM-552,hospitalaria estandar,False,False
REG-101145,2026-05-01 19:07:55,medico,urgenciologo,pasillo urgencias,CAM-639,hospitalaria estandar,False,False
REG-101146,2026-05-01 19:08:30,finanzas,costos e insumos,urgencias,CAM-421,cuna pediatrica,False,True
REG-101152,2026-05-01 19:12:00,administrativo,facturacion,atencion prioritaria,CAM-728,camilla,False,True
REG-101159,2026-05-01 19:16:05,finanzas,contabilidad,atencion prioritaria,CAM-268,hospitalaria estandar,False,False
REG-101162,2026-05-01 19:17:50,administrativo,facturacion,atencion prioritaria,CAM-274,camilla,False,False
REG-101177,2026-05-01 19:26:35,medico,cirujano general,uci adultos,CAM-828,hospitalaria estandar,True,False
REG-101183,2026-05-01 19:30:05,finanzas,tesoreria,sala de operaciones,CAM-862,cuna pediatrica,False,False
REG-101186,2026-05-01 19:31:50,administrativo,facturacion,atencion prioritaria,CAM-641,camilla de transporte,False,False
REG-101193,2026-05-01 19:35:55,finanzas,costos e insumos,atencion prioritaria,CAM-952,cuna pediatrica,False,False
REG-101194,2026-05-01 19:36:30,medico,pediatra,pasillo urgencias,CAM-986,hospitalaria estandar,False,True
REG-101195,2026-05-01 19:37:05,finanzas,tesoreria,sala de operaciones,CAM-139,camilla,True,False
REG-101197,2026-05-01 19:38:15,medico,cirujano general,finanzas,CAM-472,no especificado,False,False
REG-101200,2026-05-01 19:40:00,finanzas,contabilidad,sala de operaciones,CAM-794,cama uci electrica,False,False
REG-101203,2026-05-01 19:41:45,finanzas,contabilidad,pasillo urgencias,CAM-309,cama uci electrica,False,False
REG-101205,2026-05-01 19:42:55,administrativo,facturacion,urgencias,CAM-972,cuna pediatrica,False,False
REG-101208,2026-05-01 19:44:40,finanzas,talento humano,sala de operaciones,CAM-688,camilla,True,True
REG-101217,2026-05-01 19:49:55,medico,no especificado,finanzas,CAM-588,camilla,False,False
REG-101225,2026-05-01 19:54:35,medico,pediatra,area administrativa,CAM-531,cuna pediatrica,True,False
REG-101230,2026-05-01 19:57:30,administrativo,facturacion,uci adultos,CAM-713,cuna pediatrica,False,True
REG-101231,2026-05-01 19:58:05,medico,urgenciologo,urgencias,CAM-965,camilla,True,False
REG-101236,2026-05-01 20:01:00,medico,urgenciologo,area administrativa,CAM-318,cama uci electrica,False,False
REG-101249,2026-05-01 20:08:35,medico,cirujano general,urgencias,CAM-874,camilla,False,False
REG-101251,2026-05-01 20:09:45,medico,pediatra,uci adultos,CAM-748,camilla,False,False
REG-101254,2026-05-01 20:11:30,medico,pediatra,area administrativa,CAM-959,no especificado,True,False
REG-101255,2026-05-01 20:12:05,administrativo,talento humano,pasillo urgencias,CAM-182,cuna pediatrica,False,False
REG-101263,2026-05-01 20:16:45,medico,cirujano,uci pediatria,CAM-731,hospitalaria estandar,False,True
REG-101266,2026-05-01 20:18:30,finanzas,contabilidad,atencion prioritaria,CAM-988,cama uci electrica,False,False
REG-101270,2026-05-01 20:20:50,medico,urgenciologo,pasillo urgencias,CAM-252,camilla,False,False
REG-101272,2026-05-01 20:22:00,medico,urgenciologo,sala de operaciones,CAM-629,cuna pediatrica,True,True
REG-101276,2026-05-01 20:24:20,administrativo,talento humano,uci adultos,CAM-918,cama uci electrica,False,False
REG-101281,2026-05-01 20:27:15,finanzas,contabilidad,sala de operaciones,CAM-820,cama uci electrica,True,True
REG-101287,2026-05-01 20:30:45,finanzas,costos e insumos,pasillo urgencias,CAM-765,hospitalaria estandar,False,True
REG-101288,2026-05-01 20:31:20,administrativo,facturacion,area administrativa,CAM-834,cama uci electrica,False,False
REG-101299,2026-05-01 20:37:45,medico,urgenciologo,sala de operaciones,CAM-415,cama uci electrica,False,False
REG-101304,2026-05-01 20:40:40,medico,anestesiologo,urgencias,CAM-185,camilla,True,False
REG-101306,2026-05-01 20:41:50,finanzas,costos e insumos,sala de operaciones,CAM-113,camilla de transporte,True,False
REG-101307,2026-05-01 20:42:25,administrativo,talento humano,uci adultos,CAM-370,hospitalaria estandar,True,False
REG-101308,2026-05-01 20:43:00,medico,urgenciologo,piso 3 - hospitalizacion,CAM-213,camilla,False,True
REG-101309,2026-05-01 20:43:35,finanzas,costos e insumos,uci adultos,CAM-559,cuna pediatrica,True,False
REG-101313,2026-05-01 20:45:55,finanzas,contabilidad,sala de operaciones,CAM-677,camilla,False,False
REG-101324,2026-05-01 20:52:20,finanzas,contabilidad,sala de operaciones,CAM-984,cama uci electrica,False,False
REG-101328,2026-05-01 20:54:40,finanzas,contabilidad,atencion prioritaria,CAM-235,cuna pediatrica,False,True
REG-101332,2026-05-01 20:57:00,administrativo,no especificado,atencion prioritaria,CAM-162,camilla de transporte,False,True
REG-101336,2026-05-01 20:59:20,administrativo,admitido,atencion prioritaria,CAM-726,camilla,False,False
REG-101349,2026-05-01 21:06:55,finanzas,contabilidad,piso 3 - hospitalizacion,CAM-450,hospitalaria estandar,True,False
REG-101350,2026-05-01 21:07:30,finanzas,no especificado,atencion prioritaria,CAM-333,cuna pediatrica,False,False
REG-101356,2026-05-01 21:11:00,finanzas,auditoria medica,sala de operaciones,CAM-610,cama uci electrica,False,False
REG-101360,2026-05-01 21:13:20,finanzas,tesoreria,atencion prioritaria,CAM-508,camilla,False,False
REG-101368,2026-05-01 21:18:00,medico,pediatra,uci pediatria,CAM-212,hospitalaria estandar,False,False
REG-101369,2026-05-01 21:18:35,medico,pediatra,atencion prioritaria,CAM-627,hospitalaria estandar,False,False
REG-101373,2026-05-01 21:20:55,finanzas,tesoreria,atencion prioritaria,CAM-234,camilla de transporte,False,True
REG-101376,2026-05-01 21:22:40,administrativo,facturacion,urgencias,CAM-635,cama uci electrica,False,False
REG-101377,2026-05-01 21:23:15,finanzas,auditoria medica,sala de operaciones,CAM-348,hospitalaria estandar,False,False
REG-101378,2026-05-01 21:23:50,administrativo,talento humano,pasillo urgencias,CAM-471,cuna pediatrica,False,False
REG-101386,2026-05-01 21:28:30,administrativo,facturacion,area administrativa,CAM-384,camilla de transporte,True,False
REG-101391,2026-05-01 21:31:25,finanzas,no especificado,piso 3 - hospitalizacion,CAM-159,hospitalaria estandar,True,False
REG-101407,2026-05-01 21:40:45,administrativo,facturacion,atencion prioritaria,CAM-396,cuna pediatrica,False,True
REG-101408,2026-05-01 21:41:20,finanzas,contabilidad,pasillo urgencias,CAM-785,cama uci electrica,True,False
REG-101409,2026-05-01 21:41:55,finanzas,costos e insumos,piso 3 - hospitalizacion,CAM-957,camilla de transporte,True,False
REG-101410,2026-05-01 21:42:30,medico,cirujano general,finanzas,CAM-930,camilla,False,False
REG-101413,2026-05-01 21:44:15,administrativo,facturacion,piso 3 - hospitalizacion,CAM-927,cuna pediatrica,False,False
REG-101416,2026-05-01 21:46:00,administrativo,admitido,sala de operaciones,CAM-482,camilla de transporte,True,False
REG-101418,2026-05-01 21:47:10,medico,pediatra,finanzas,CAM-219,camilla de transporte,False,True
REG-101419,2026-05-01 21:47:45,administrativo,admitido,area administrativa,CAM-223,camilla,False,False
REG-101420,2026-05-01 21:48:20,finanzas,contabilidad,sala de operaciones,CAM-445,hospitalaria estandar,False,False
REG-101422,2026-05-01 21:49:30,administrativo,facturacion,sala de operaciones,CAM-192,cuna pediatrica,False,False
REG-101426,2026-05-01 21:51:50,medico,pediatra,urgencias,CAM-237,cuna pediatrica,False,True
REG-101428,2026-05-01 21:53:00,finanzas,contabilidad,atencion prioritaria,CAM-203,no especificado,False,False
REG-101431,2026-05-01 21:54:45,finanzas,contabilidad,urgencias,CAM-163,hospitalaria estandar,True,False
REG-101434,2026-05-01 21:56:30,administrativo,facturacion,atencion prioritaria,CAM-558,cama uci electrica,True,True
REG-101437,2026-05-01 21:58:15,administrativo,facturacion,uci adultos,CAM-141,cuna pediatrica,False,False
REG-101438,2026-05-01 21:58:50,medico,urgenciologo,urgencias,CAM-306,cama uci electrica,True,True
REG-101441,2026-05-01 22:00:35,finanzas,contabilidad,finanzas,CAM-793,cuna pediatrica,True,False
REG-101445,2026-05-01 22:02:55,administrativo,auditoria medica,urgencias,CAM-739,cuna pediatrica,True,True
REG-101446,2026-05-01 22:03:30,medico,urgenciologo,uci adultos,CAM-209,cuna pediatrica,True,True
REG-101450,2026-05-01 22:05:50,administrativo,admitido,uci pediatria,CAM-276,camilla de transporte,False,False
REG-101457,2026-05-01 22:09:55,finanzas,tesoreria,area administrativa,CAM-751,cama uci electrica,False,False
REG-101465,2026-05-01 22:14:35,finanzas,tesoreria,urgencias,CAM-208,hospitalaria estandar,False,False
REG-101468,2026-05-01 22:16:20,administrativo,auditoria medica,area administrativa,CAM-721,cama uci electrica,True,False
REG-101472,2026-05-01 22:18:40,medico,cirujano,uci pediatria,CAM-258,cuna pediatrica,True,True
REG-101473,2026-05-01 22:19:15,medico,urgenciologo,pasillo urgencias,CAM-426,camilla,False,False
REG-101485,2026-05-01 22:26:15,medico,cirujano,sala de operaciones,CAM-267,cuna pediatrica,False,False
REG-101490,2026-05-01 22:29:10,medico,pediatra,piso 3 - hospitalizacion,CAM-220,hospitalaria estandar,True,True
REG-101500,2026-05-01 22:35:00,finanzas,contabilidad,uci pediatria,CAM-981,hospitalaria estandar,True,True
REG-101502,2026-05-01 22:36:10,medico,anestesiologo,pasillo urgencias,CAM-869,camilla de transporte,False,True
REG-101504,2026-05-01 22:37:20,finanzas,costos e insumos,uci adultos,CAM-703,camilla de transporte,False,True
REG-101507,2026-05-01 22:39:05,administrativo,auditoria medica,finanzas,CAM-540,camilla,True,False
REG-101508,2026-05-01 22:39:40,finanzas,costos e insumos,area administrativa,CAM-307,cuna pediatrica,False,True
REG-101510,2026-05-01 22:40:50,medico,urgenciologo,urgencias,CAM-666,cama uci electrica,False,False
REG-101514,2026-05-01 22:43:10,administrativo,auditoria medica,urgencias,CAM-776,camilla de transporte,True,False
REG-101521,2026-05-01 22:47:15,medico,anestesiologo,urgencias,CAM-467,hospitalaria estandar,True,False
REG-101527,2026-05-01 22:50:45,finanzas,contabilidad,pasillo urgencias,CAM-347,hospitalaria estandar,False,True
REG-101528,2026-05-01 22:51:20,administrativo,facturacion,atencion prioritaria,CAM-953,cama uci electrica,False,False
REG-101529,2026-05-01 22:51:55,medico,cirujano general,sala de operaciones,CAM-402,hospitalaria estandar,True,False
REG-101531,2026-05-01 22:53:05,finanzas,contabilidad,uci adultos,CAM-403,cama uci electrica,True,True
REG-101536,2026-05-01 22:56:00,administrativo,admitido,uci adultos,CAM-607,cama uci electrica,False,True
REG-101541,2026-05-01 22:58:55,medico,urgenciologo,atencion prioritaria,CAM-353,hospitalaria estandar,True,True
REG-101547,2026-05-01 23:02:25,medico,urgenciologo,urgencias,CAM-484,camilla de transporte,False,False
REG-101551,2026-05-01 23:04:45,administrativo,facturacion,sala de operaciones,CAM-319,hospitalaria estandar,False,True
REG-101554,2026-05-01 23:06:30,finanzas,contabilidad,sala de operaciones,CAM-689,cuna pediatrica,False,True
REG-101558,2026-05-01 23:08:50,finanzas,contabilidad,uci pediatria,CAM-390,hospitalaria estandar,False,True
REG-101566,2026-05-01 23:13:30,medico,urgenciologo,sala de operaciones,CAM-958,camilla,True,False
REG-101568,2026-05-01 23:14:40,finanzas,costos e insumos,uci pediatria,CAM-354,cuna pediatrica,True,True
REG-101574,2026-05-01 23:18:10,finanzas,tesoreria,sala de operaciones,CAM-144,cama uci electrica,False,False
REG-101576,2026-05-01 23:19:20,finanzas,contabilidad,pasillo urgencias,CAM-767,camilla,True,False
REG-101577,2026-05-01 23:19:55,administrativo,auditoria medica,area administrativa,CAM-469,cama uci electrica,False,False
REG-101593,2026-05-01 23:29:15,administrativo,facturacion,finanzas,CAM-714,cuna pediatrica,True,False
REG-101596,2026-05-01 23:31:00,administrativo,admitido,urgencias,CAM-992,cuna pediatrica,True,True
REG-101617,2026-05-01 23:43:15,medico,urgenciologo,finanzas,CAM-566,camilla de transporte,False,False
REG-101633,2026-05-01 23:52:35,finanzas,contabilidad,sala de operaciones,CAM-757,hospitalaria estandar,False,False
REG-101634,2026-05-01 23:53:10,administrativo,admitido,atencion prioritaria,CAM-886,camilla,False,True
REG-101637,2026-05-01 23:54:55,medico,cirujano general,pasillo urgencias,CAM-170,no especificado,False,True
REG-101641,2026-05-01 23:57:15,medico,urgenciologo,urgencias,CAM-425,cuna pediatrica,False,True
REG-101645,2026-05-01 23:59:35,administrativo,talento humano,sala de operaciones,CAM-138,cuna pediatrica,False,False
REG-101648,2026-05-02 00:01:20,finanzas,contabilidad,urgencias,CAM-548,camilla de transporte,False,False
REG-101649,2026-05-02 00:01:55,administrativo,facturacion,pasillo urgencias,CAM-668,cuna pediatrica,False,False
REG-101659,2026-05-02 00:07:45,administrativo,facturacion,uci adultos,CAM-114,hospitalaria estandar,True,False
REG-101670,2026-05-02 00:14:10,administrativo,auditoria medica,sala de operaciones,CAM-824,cuna pediatrica,False,True
REG-101671,2026-05-02 00:14:45,administrativo,auditoria medica,atencion prioritaria,CAM-167,camilla de transporte,True,False
REG-101675,2026-05-02 00:17:05,medico,anestesiologo,urgencias,CAM-340,camilla,True,False
REG-101686,2026-05-02 00:23:30,administrativo,admitido,atencion prioritaria,CAM-133,cuna pediatrica,True,False
REG-101692,2026-05-02 00:27:00,finanzas,contabilidad,atencion prioritaria,CAM-102,cuna pediatrica,False,False
REG-101706,2026-05-02 00:35:10,medico,cirujano general,atencion prioritaria,CAM-883,camilla de transporte,False,False
REG-101714,2026-05-02 00:39:50,medico,pediatra,sala de operaciones,CAM-325,hospitalaria estandar,False,False
REG-101715,2026-05-02 00:40:25,medico,anestesiologo,atencion prioritaria,CAM-431,cuna pediatrica,False,False
REG-101724,2026-05-02 00:45:40,finanzas,costos e insumos,pasillo urgencias,CAM-792,camilla de transporte,False,True
REG-101740,2026-05-02 00:55:00,finanzas,contabilidad,area administrativa,CAM-377,camilla,False,False
REG-101742,2026-05-02 00:56:10,administrativo,admitido,uci adultos,CAM-970,camilla,False,False
REG-101743,2026-05-02 00:56:45,finanzas,costos e insumos,urgencias,CAM-599,no especificado,True,False
REG-101749,2026-05-02 01:00:15,finanzas,contabilidad,atencion prioritaria,CAM-557,no especificado,True,False
REG-101753,2026-05-02 01:02:35,medico,cirujano general,sala de operaciones,CAM-464,cama uci electrica,False,False
REG-101762,2026-05-02 01:07:50,administrativo,admitido,urgencias,CAM-893,camilla de transporte,False,False
REG-101764,2026-05-02 01:09:00,finanzas,costos e insumos,sala de operaciones,CAM-394,cama uci electrica,True,False
REG-101768,2026-05-02 01:11:20,medico,anestesiologo,uci adultos,CAM-921,cuna pediatrica,False,False
REG-101769,2026-05-02 01:11:55,finanzas,contabilidad,piso 3 - hospitalizacion,CAM-913,camilla,False,False
REG-101779,2026-05-02 01:17:45,finanzas,contabilidad,piso 3 - hospitalizacion,CAM-491,cuna pediatrica,False,False
REG-101784,2026-05-02 01:20:40,administrativo,admitido,finanzas,CAM-841,cama uci electrica,False,False
REG-101785,2026-05-02 01:21:15,medico,urgenciologo,area administrativa,CAM-191,hospitalaria estandar,False,False
REG-101791,2026-05-02 01:24:45,administrativo,facturacion,pasillo urgencias,CAM-835,camilla,False,False
REG-101807,2026-05-02 01:34:05,medico,anestesiologo,sala de operaciones,CAM-206,hospitalaria estandar,False,False
REG-101811,2026-05-02 01:36:25,finanzas,contabilidad,urgencias,CAM-693,cama uci electrica,True,False
REG-101836,2026-05-02 01:51:00,medico,cirujano general,uci adultos,CAM-260,cuna pediatrica,False,True
REG-101837,2026-05-02 01:51:35,medico,anestesiologo,atencion prioritaria,CAM-437,no especificado,False,False
REG-101849,2026-05-02 01:58:35,administrativo,auditoria medica,atencion prioritaria,CAM-541,camilla,False,False
REG-101872,2026-05-02 02:12:00,administrativo,auditoria medica,area administrativa,CAM-815,cuna pediatrica,False,False
REG-101877,2026-05-02 02:14:55,administrativo,auditoria medica,sala de operaciones,CAM-900,hospitalaria estandar,False,False
REG-101882,2026-05-02 02:17:50,administrativo,auditoria medica,sala de operaciones,CAM-406,hospitalaria estandar,False,True
REG-101885,2026-05-02 02:19:35,administrativo,auditoria medica,atencion prioritaria,CAM-879,camilla,False,False
REG-101902,2026-05-02 02:29:30,medico,urgenciologo,piso 3 - hospitalizacion,CAM-861,camilla de transporte,False,True
REG-101903,2026-05-02 02:30:05,finanzas,costos e insumos,uci pediatria,CAM-314,camilla,False,False
REG-101911,2026-05-02 02:34:45,finanzas,contabilidad,atencion prioritaria,CAM-207,camilla de transporte,True,False
REG-101912,2026-05-02 02:35:20,finanzas,contabilidad,urgencias,CAM-995,hospitalaria estandar,True,False
REG-101922,2026-05-02 02:41:10,medico,anestesiologo,atencion prioritaria,CAM-911,cuna pediatrica,False,False
REG-101926,2026-05-02 02:43:30,medico,urgenciologo,area administrativa,CAM-378,camilla de transporte,False,False
REG-101936,2026-05-02 02:49:20,finanzas,costos e insumos,urgencias,CAM-303,hospitalaria estandar,False,True
REG-101950,2026-05-02 02:57:30,medico,pediatra,piso 3 - hospitalizacion,CAM-362,camilla de transporte,False,False
REG-101956,2026-05-02 03:01:00,medico,urgenciologo,pasillo urgencias,CAM-392,cama uci electrica,False,False
REG-101962,2026-05-02 03:04:30,administrativo,auditoria medica,finanzas,CAM-569,no especificado,True,False
REG-101999,2026-05-02 03:26:05,finanzas,contabilidad,urgencias,CAM-718,cama uci electrica,False,False
REG-102004,2026-05-02 03:29:00,medico,cirujano general,piso 3 - hospitalizacion,CAM-418,camilla de transporte,True,False
REG-102005,2026-05-02 03:29:35,administrativo,admitido,atencion prioritaria,CAM-152,camilla,True,False
REG-102008,2026-05-02 03:31:20,finanzas,contabilidad,sala de operaciones,CAM-924,camilla de transporte,False,False
REG-102018,2026-05-02 03:37:10,medico,anestesiologo,uci pediatria,CAM-249,cuna pediatrica,False,False
REG-102020,2026-05-02 03:38:20,administrativo,facturacion,area administrativa,CAM-297,camilla de transporte,False,True
REG-102023,2026-05-02 03:40:05,finanzas,tesoreria,area administrativa,CAM-351,cama uci electrica,False,False
REG-102034,2026-05-02 03:46:30,finanzas,contabilidad,area administrativa,CAM-845,hospitalaria estandar,False,True
REG-102041,2026-05-02 03:50:35,medico,pediatra,piso 3 - hospitalizacion,CAM-895,hospitalaria estandar,False,False
REG-102056,2026-05-02 03:59:20,medico,pediatra,pasillo urgencias,CAM-453,cama uci electrica,True,True
REG-102057,2026-05-02 03:59:55,medico,urgenciologo,urgencias,CAM-583,camilla de transporte,True,False
REG-102068,2026-05-02 04:06:20,medico,cirujano general,area administrativa,CAM-335,no especificado,False,False
REG-102077,2026-05-02 04:11:35,administrativo,talento humano,atencion prioritaria,CAM-805,camilla de transporte,False,False
REG-102081,2026-05-02 04:13:55,administrativo,admitido,urgencias,CAM-556,camilla de transporte,False,False
REG-102091,2026-05-02 04:19:45,medico,urgenciologo,pasillo urgencias,CAM-752,cuna pediatrica,False,False
REG-102115,2026-05-02 04:33:45,medico,anestesiologo,finanzas,CAM-991,camilla,False,False
REG-102127,2026-05-02 04:40:45,medico,anestesiologo,sala de operaciones,CAM-106,camilla,False,False
REG-102135,2026-05-02 04:45:25,administrativo,facturacion,urgencias,CAM-975,camilla de transporte,False,True
REG-102139,2026-05-02 04:47:45,administrativo,facturacion,piso 3 - hospitalizacion,CAM-833,camilla,False,False
REG-102140,2026-05-02 04:48:20,medico,anestesiologo,piso 3 - hospitalizacion,CAM-512,hospitalaria estandar,True,False
REG-102147,2026-05-02 04:52:25,administrativo,talento humano,sala de operaciones,CAM-553,camilla de transporte,False,False
REG-102158,2026-05-02 04:58:50,administrativo,talento humano,atencion prioritaria,CAM-272,cama uci electrica,False,False
REG-102177,2026-05-02 05:09:55,administrativo,admitido,urgencias,CAM-954,cama uci electrica,True,True
REG-102183,2026-05-02 05:13:25,administrativo,admitido,sala de operaciones,CAM-481,hospitalaria estandar,True,False
REG-102186,2026-05-02 05:15:10,finanzas,costos e insumos,uci pediatria,CAM-690,camilla de transporte,False,False
REG-102195,2026-05-02 05:20:25,finanzas,costos e insumos,atencion prioritaria,CAM-224,cama uci electrica,False,False
REG-102196,2026-05-02 05:21:00,administrativo,admitido,uci pediatria,CAM-417,cuna pediatrica,False,False
REG-102197,2026-05-02 05:21:35,finanzas,contabilidad,sala de operaciones,CAM-230,camilla de transporte,False,False
REG-102198,2026-05-02 05:22:10,medico,cirujano,atencion prioritaria,CAM-516,hospitalaria estandar,False,False
REG-102201,2026-05-02 05:23:55,administrativo,facturacion,finanzas,CAM-572,camilla de transporte,True,False
REG-102203,2026-05-02 05:25:05,finanzas,contabilidad,sala de operaciones,CAM-783,camilla,False,False
REG-102209,2026-05-02 05:28:35,medico,urgenciologo,piso 3 - hospitalizacion,CAM-782,camilla de transporte,True,False
REG-102210,2026-05-02 05:29:10,finanzas,costos e insumos,area administrativa,CAM-832,camilla,False,False
REG-102219,2026-05-02 05:34:25,medico,cirujano,atencion prioritaria,CAM-810,cuna pediatrica,True,False
REG-102225,2026-05-02 05:37:55,medico,pediatra,urgencias,CAM-680,camilla,True,False
REG-102238,2026-05-02 05:45:30,finanzas,tesoreria,atencion prioritaria,CAM-964,camilla de transporte,True,False
REG-102244,2026-05-02 05:49:00,medico,urgenciologo,area administrativa,CAM-784,cuna pediatrica,False,False
REG-102253,2026-05-02 05:54:15,administrativo,facturacion,pasillo urgencias,CAM-499,hospitalaria estandar,False,False
REG-102265,2026-05-02 06:01:15,finanzas,contabilidad,piso 3 - hospitalizacion,CAM-300,cama uci electrica,True,False
REG-102274,2026-05-02 06:06:30,finanzas,contabilidad,pasillo urgencias,CAM-818,cama uci electrica,True,False
REG-102275,2026-05-02 06:07:05,medico,cirujano general,piso 3 - hospitalizacion,CAM-110,cama uci electrica,True,False
REG-102291,2026-05-02 06:16:25,administrativo,facturacion,pasillo urgencias,CAM-128,cuna pediatrica,True,True
REG-102292,2026-05-02 06:17:00,administrativo,admitido,area administrativa,CAM-143,cama uci electrica,False,False
REG-102301,2026-05-02 06:22:15,medico,cirujano general,pasillo urgencias,CAM-517,hospitalaria estandar,False,True
REG-102306,2026-05-02 06:25:10,finanzas,costos e insumos,finanzas,CAM-773,cuna pediatrica,False,True
REG-102310,2026-05-02 06:27:30,medico,urgenciologo,urgencias,CAM-836,camilla,False,False
REG-102312,2026-05-02 06:28:40,administrativo,facturacion,uci adultos,CAM-723,camilla de transporte,True,True
REG-102324,2026-05-02 06:35:40,medico,urgenciologo,atencion prioritaria,CAM-536,camilla,False,True
REG-102350,2026-05-02 06:50:50,administrativo,admitido,pasillo urgencias,CAM-858,cuna pediatrica,False,False
REG-102381,2026-05-02 07:08:55,finanzas,talento humano,sala de operaciones,CAM-549,camilla de transporte,False,False
REG-102400,2026-05-02 07:20:00,finanzas,contabilidad,area administrativa,CAM-350,camilla,False,False
REG-102415,2026-05-02 07:28:45,finanzas,contabilidad,area administrativa,CAM-382,camilla,False,False
REG-102424,2026-05-02 07:34:00,finanzas,no especificado,atencion prioritaria,CAM-275,hospitalaria estandar,True,False
REG-102436,2026-05-02 07:41:00,medico,cirujano,pasillo urgencias,CAM-487,cuna pediatrica,True,False
REG-102437,2026-05-02 07:41:35,finanzas,contabilidad,uci pediatria,CAM-452,cama uci electrica,False,False
REG-102459,2026-05-02 07:54:25,administrativo,talento humano,sala de operaciones,CAM-652,camilla,False,False
REG-102462,2026-05-02 07:56:10,medico,urgenciologo,urgencias,CAM-296,camilla,False,False
REG-102481,2026-05-02 08:07:15,administrativo,auditoria medica,piso 3 - hospitalizacion,CAM-819,cuna pediatrica,False,False
REG-102488,2026-05-02 08:11:20,medico,anestesiologo,atencion prioritaria,CAM-511,camilla,False,False
REG-102507,2026-05-02 08:22:25,administrativo,admitido,sala de operaciones,CAM-193,cuna pediatrica,True,True
REG-102508,2026-05-02 08:23:00,finanzas,costos e insumos,uci pediatria,CAM-868,cuna pediatrica,False,False
REG-102512,2026-05-02 08:25:20,finanzas,no especificado,sala de operaciones,CAM-944,cama uci electrica,True,False
REG-102531,2026-05-02 08:36:25,finanzas,contabilidad,sala de operaciones,CAM-768,cuna pediatrica,True,True
REG-102538,2026-05-02 08:40:30,medico,anestesiologo,sala de operaciones,CAM-789,camilla de transporte,True,False
REG-102540,2026-05-02 08:41:40,administrativo,admitido,atencion prioritaria,CAM-977,cuna pediatrica,True,False
REG-102547,2026-05-02 08:45:45,administrativo,admitido,sala de operaciones,CAM-199,camilla,False,False
REG-102578,2026-05-02 09:03:50,medico,urgenciologo,piso 3 - hospitalizacion,CAM-979,cuna pediatrica,False,False
REG-102619,2026-05-02 09:27:45,administrativo,auditoria medica,area administrativa,CAM-919,cama uci electrica,False,True
REG-102632,2026-05-02 09:35:20,administrativo,talento humano,pasillo urgencias,CAM-940,camilla de transporte,True,False
REG-102655,2026-05-02 09:48:45,administrativo,talento humano,area administrativa,CAM-684,cuna pediatrica,False,False
REG-102688,2026-05-02 10:08:00,finanzas,talento humano,sala de operaciones,CAM-770,cuna pediatrica,True,False
REG-102705,2026-05-02 10:17:55,medico,cirujano general,finanzas,CAM-124,camilla de transporte,False,True
REG-102762,2026-05-02 10:51:10,administrativo,facturacion,pasillo urgencias,CAM-359,cama uci electrica,False,False
REG-102765,2026-05-02 10:52:55,administrativo,talento humano,uci adultos,CAM-887,hospitalaria estandar,False,False
REG-102776,2026-05-02 10:59:20,administrativo,admitido,atencion prioritaria,CAM-494,cuna pediatrica,False,False
REG-102784,2026-05-02 11:04:00,finanzas,contabilidad,area administrativa,CAM-854,hospitalaria estandar,False,False
REG-102787,2026-05-02 11:05:45,medico,anestesiologo,sala de operaciones,CAM-725,camilla de transporte,False,False
REG-102799,2026-05-02 11:12:45,finanzas,costos e insumos,atencion prioritaria,CAM-187,cama uci electrica,True,True
REG-102800,2026-05-02 11:13:20,finanzas,tesoreria,uci pediatria,CAM-962,hospitalaria estandar,False,True
REG-102805,2026-05-02 11:16:15,administrativo,auditoria medica,sala de operaciones,CAM-613,camilla de transporte,False,True
REG-102844,2026-05-02 11:39:00,medico,cirujano general,uci pediatria,CAM-968,camilla,False,False
REG-102888,2026-05-02 12:04:40,administrativo,talento humano,sala de operaciones,CAM-994,hospitalaria estandar,False,False
REG-102897,2026-05-02 12:09:55,administrativo,admitido,piso 3 - hospitalizacion,CAM-630,cuna pediatrica,False,False
REG-102908,2026-05-02 12:16:20,medico,cirujano,atencion prioritaria,CAM-459,camilla de transporte,True,True
REG-103017,2026-05-02 13:19:55,administrativo,talento humano,finanzas,CAM-474,cuna pediatrica,False,True
REG-103067,2026-05-02 13:49:05,finanzas,contabilidad,atencion prioritaria,CAM-454,cama uci electrica,False,False
REG-103072,2026-05-02 13:52:00,medico,urgenciologo,area administrativa,CAM-428,cuna pediatrica,False,True
REG-103109,2026-05-02 14:13:35,finanzas,contabilidad,uci adultos,CAM-683,hospitalaria estandar,False,False
REG-103122,2026-05-02 14:21:10,medico,urgenciologo,atencion prioritaria,CAM-827,cama uci electrica,True,False
REG-103225,2026-05-02 15:21:15,medico,cirujano general,atencion prioritaria,CAM-542,hospitalaria estandar,True,False
REG-103293,2026-05-02 16:00:55,administrativo,admitido,uci pediatria,CAM-240,camilla de transporte,True,True
REG-103315,2026-05-02 16:13:45,administrativo,talento humano,urgencias,CAM-129,camilla de transporte,False,True
REG-103322,2026-05-02 16:17:50,administrativo,talento humano,piso 3 - hospitalizacion,CAM-573,cuna pediatrica,False,True
REG-103325,2026-05-02 16:19:35,medico,anestesiologo,piso 3 - hospitalizacion,CAM-946,camilla,False,False
REG-103339,2026-05-02 16:27:45,administrativo,facturacion,urgencias,CAM-591,hospitalaria estandar,True,False
REG-103343,2026-05-02 16:30:05,finanzas,costos e insumos,urgencias,CAM-142,camilla de transporte,True,False
REG-103364,2026-05-02 16:42:20,administrativo,facturacion,uci adultos,CAM-259,hospitalaria estandar,False,False
REG-103412,2026-05-02 17:10:20,medico,pediatra,uci pediatria,CAM-196,cuna pediatrica,False,False
REG-103430,2026-05-02 17:20:50,medico,anestesiologo,area administrativa,CAM-774,camilla,True,False
REG-103474,2026-05-02 17:46:30,medico,anestesiologo,urgencias,CAM-361,camilla de transporte,False,True
REG-103576,2026-05-02 18:46:00,medico,pediatra,sala de operaciones,CAM-304,hospitalaria estandar,True,False
REG-103665,2026-05-02 19:37:55,medico,cirujano,sala de operaciones,CAM-909,camilla,False,False
REG-103781,2026-05-02 20:45:35,medico,urgenciologo,urgencias,CAM-582,hospitalaria estandar,False,True
REG-104007,2026-05-02 22:57:25,medico,pediatra,pasillo urgencias,CAM-218,cuna pediatrica,False,False
REG-104054,2026-05-02 23:24:50,finanzas,tesoreria,atencion prioritaria,CAM-103,hospitalaria estandar,False,False
REG-104165,2026-05-03 00:29:35,medico,anestesiologo,atencion prioritaria,CAM-292,hospitalaria estandar,True,False
REG-104244,2026-05-03 01:15:40,medico,urgenciologo,piso 3 - hospitalizacion,CAM-435,cama uci electrica,False,False
REG-104248,2026-05-03 01:18:00,administrativo,facturacion,sala de operaciones,CAM-492,cama uci electrica,True,False
REG-104414,2026-05-03 02:54:50,administrativo,talento humano,uci adultos,CAM-451,camilla de transporte,True,False
REG-104494,2026-05-03 03:41:30,administrativo,admitido,sala de operaciones,CAM-131,camilla,True,False
REG-104734,2026-05-03 06:01:30,administrativo,auditoria medica,atencion prioritaria,CAM-251,hospitalaria estandar,False,True
REG-104780,2026-05-03 06:28:20,finanzas,contabilidad,atencion prioritaria,CAM-534,hospitalaria estandar,False,True
REG-104788,2026-05-03 06:33:00,administrativo,auditoria medica,piso 3 - hospitalizacion,CAM-520,camilla,True,False
REG-104904,2026-05-03 07:40:40,administrativo,facturacion,urgencias,CAM-694,camilla,False,False
REG-105128,2026-05-03 09:51:20,administrativo,no especificado,urgencias,CAM-878,hospitalaria estandar,False,False
REG-105276,2026-05-03 11:17:40,administrativo,facturacion,urgencias,CAM-788,camilla de transporte,False,False
REG-105522,2026-05-03 13:41:10,finanzas,contabilidad,piso 3 - hospitalizacion,CAM-105,camilla,False,False
REG-105709,2026-05-03 15:30:15,administrativo,admitido,uci pediatria,CAM-663,cama uci electrica,True,False
REG-106764,2026-05-04 01:45:40,finanzas,contabilidad,atencion prioritaria,CAM-522,camilla,False,True
